Last Name,First Name,Middle Name,Title,Subtitle,Language,Year,Series,ID,Last Name UPPER,Middle Name UPPER,First Name UPPER
Кинг,Стивен,,«Кадиллак» Долана,,ru,1989.0,Ночные кошмары и фантастические видения 1,218566,КИНГ,,СТИВЕН
Кинг,Стивен,,«Нью-Йорк таймс» по специальной цене,litres,ru,2012.0,Сразу после заката 10,522828,КИНГ,,СТИВЕН
Кинг,Стивен,,«Нью-Йорк Таймс» с особыми скидками,,ru,2005.0,Сразу после заката 10,182749,КИНГ,,СТИВЕН
Кинг,Стивен,,11.22.63,,ru,2011.0,"Кинг, Стивен. Романы 34",304666,КИНГ,,СТИВЕН
Кинг,Стивен,,11/22/63,en,en,2011.0,,251754,КИНГ,,СТИВЕН
Кинг,Стивен,,11/22/63,bg,bg,2011.0,,319595,КИНГ,,СТИВЕН
Кинг,Стивен,,11/22/63,litres,ru,2013.0,"Кинг, Стивен. Романы 34|Темная башня (АСТ) 0",319823,КИНГ,,СТИВЕН
Кинг,Стивен,,11/22/63,uk,uk,2012.0,,331194,КИНГ,,СТИВЕН
Кинг,Стивен,,1408,,bg,,Всичко е съдбовно 12,213040,КИНГ,,СТИВЕН
Кинг,Стивен,,1408,,ru,2004.0,Все предельно 12|Стивен Кинг. Собрание сочинений 0,263962,КИНГ,,СТИВЕН
Кинг,Стивен,,1922,,ru,,"Тьма, — и больше ничего 1",504072,КИНГ,,СТИВЕН
Кинг,Стивен,,22 ноември 1963,,bg,2012.0,,438906,КИНГ,,СТИВЕН
Кинг,Стивен,,81 миля,,ru,2011.0,Ярмарка дурных снов [сборник] 1,246386,КИНГ,,СТИВЕН
Кинг,Стивен,,81 миля,Л/П,ru,2011.0,Ярмарка дурных снов [сборник] 1,246979,КИНГ,,СТИВЕН
Кинг,Стивен,,999. Имя зверя,антология,ru,2000.0,999 1|Антология ужасов 2000,253271,КИНГ,,СТИВЕН
Кинг,Стивен,,A Bedroom in the Wee Hours of the Morning,,en,,,269468,КИНГ,,СТИВЕН
Кинг,Стивен,,A Death,,en,2015.0,,616303,КИНГ,,СТИВЕН
Кинг,Стивен,,A Escolha dos Três,,pt,2004.0,A Torre Negra 2,262597,КИНГ,,СТИВЕН
Кинг,Стивен,,A Good Marriage,,en,2014.0,,379961,КИНГ,,СТИВЕН
Кинг,Стивен,,A Torre Negra,,pt,2007.0,A Torre Negra 7,268838,КИНГ,,СТИВЕН
Кинг,Стивен,,An Evening at GODs,,en,,,269469,КИНГ,,СТИВЕН
Кинг,Стивен,,Apt Pupil,,en,1998.0,,313892,КИНГ,,СТИВЕН
Кинг,Стивен,,As Terras Devastadas,,pt,2005.0,A Torre Negra 3,261946,КИНГ,,СТИВЕН
Кинг,Стивен,,Autopsy Room Four,,en,,,269470,КИНГ,,СТИВЕН
Кинг,Стивен,,Bag of Bones,,en,,Stephen Kings Novels 40,126152,КИНГ,,СТИВЕН
Кинг,Стивен,,Bellas durmientes,Sleeping Beauties es,es,2018.0,,511265,КИНГ,,СТИВЕН
Кинг,Стивен,,Big Driver,,en,2014.0,,379962,КИНГ,,СТИВЕН
Кинг,Стивен,,Billy Summers,en,en,2021.0,,636765,КИНГ,,СТИВЕН
Кинг,Стивен,,Black House,,en,2001.0,the talisman 2,269471,КИНГ,,СТИВЕН
Кинг,Стивен,,Blaze,,es,,,254560,КИНГ,,СТИВЕН
Кинг,Стивен,,Blaze,,en,2008.0,,304752,КИНГ,,СТИВЕН
Кинг,Стивен,,Blind Willie,,en,,,269473,КИНГ,,СТИВЕН
Кинг,Стивен,,Blind Willie,Параллельный перевод на русский,en,,,435373,КИНГ,,СТИВЕН
Кинг,Стивен,,Blockade Billy,,en,2010.0,,195175,КИНГ,,СТИВЕН
Кинг,Стивен,,Bullet,,en,,,269474,КИНГ,,СТИВЕН
Кинг,Стивен,,By Blood We Live,Anthology,en,2009.0,,214371,КИНГ,,СТИВЕН
Кинг,Стивен,,Canção de Susannah,,pt,2005.0,A Torre Negra 6,268837,КИНГ,,СТИВЕН
Кинг,Стивен,,Carnets noirs,,fr,2016.0,A.M.THRIL.POLAR 0|La Trilogie Bill Hodges 2,522604,КИНГ,,СТИВЕН
Кинг,Стивен,,Carrie,,en,1974.0,Stephen Kings Novels 1,216254,КИНГ,,СТИВЕН
Кинг,Стивен,,Case,,en,,,269475,КИНГ,,СТИВЕН
Кинг,Стивен,,Cell,,en,2006.0,Stephen Kings Novels 49,67277,КИНГ,,СТИВЕН
Кинг,Стивен,,Chinga,,en,,,269476,КИНГ,,СТИВЕН
Кинг,Стивен,,Christine,,en,,Stephen Kings Novels 16,155168,КИНГ,,СТИВЕН
Кинг,Стивен,,Coffey on the Mile,,en,2016.0,The Green Mile 6,453727,КИНГ,,СТИВЕН
Кинг,Стивен,,Coffey's Hands,,en,2016.0,The Green Mile 3,447176,КИНГ,,СТИВЕН
Кинг,Стивен,,Colorado Kid,,de,,,234956,КИНГ,,СТИВЕН
Кинг,Стивен,,Colorado Kid,,es,,,254563,КИНГ,,СТИВЕН
Кинг,Стивен,,Cookie Jar,,en,2016.0,,453283,КИНГ,,СТИВЕН
Кинг,Стивен,,Crouch End,,en,,,173375,КИНГ,,СТИВЕН
Кинг,Стивен,,Cujo,,en,,,269477,КИНГ,,СТИВЕН
Кинг,Стивен,,Cycle of the Werewolf,,en,,,110788,КИНГ,,СТИВЕН
Кинг,Стивен,,Danse Macabre,,en,1997.0,,102110,КИНГ,,СТИВЕН
Кинг,Стивен,,Dark Screams: Volume Six,,en,2017.0,Dark Screams 6,486823,КИНГ,,СТИВЕН
Кинг,Стивен,,Das Institut,,de,2019.0,,559750,КИНГ,,СТИВЕН
Кинг,Стивен,,Das Monstrum - Tommyknockers,,de,1988.0,,299207,КИНГ,,СТИВЕН
Кинг,Стивен,,Das schwarze Haus,,de,2002.0,,322064,КИНГ,,СТИВЕН
Кинг,Стивен,,Der Anschlag,,de,2012.0,,320467,КИНГ,,СТИВЕН
Кинг,Стивен,,Der Outsider,DE,de,2018.0,,537588,КИНГ,,СТИВЕН
Кинг,Стивен,,Desperation,,en,,Stephen Kings Novels 36,131184,КИНГ,,СТИВЕН
Кинг,Стивен,,Different Seasons,сборник,en,2004.0,Different Seasons 0,215650,КИНГ,,СТИВЕН
Кинг,Стивен,,Docteur Sleep,,fr,2013.0,Shining 2,350929,КИНГ,,СТИВЕН
Кинг,Стивен,,Doctor Sleep,,en,2013.0,Shining 2,338317,КИНГ,,СТИВЕН
Кинг,Стивен,,Doctor Sleep,,de,2013.0,,342947,КИНГ,,СТИВЕН
Кинг,Стивен,,Dolan's Cadillac,,en,,Nightmares And Dreamscapes 1,173376,КИНГ,,СТИВЕН
Кинг,Стивен,,Dolores Claiborne,,pl,,,293555,КИНГ,,СТИВЕН
Кинг,Стивен,,Dolores Claiborne,,en,1993.0,,313891,КИНГ,,СТИВЕН
Кинг,Стивен,,Dôme.  Tome 1,Under the Dome - fr,fr,2011.0,litt.generale 0,247415,КИНГ,,СТИВЕН
Кинг,Стивен,,Dôme.  Tome 2,Under the Dome - fr,fr,2011.0,litt.generale 0,247416,КИНГ,,СТИВЕН
Кинг,Стивен,,Dreamcatcher,,en,2001.0,Stephen Kings Novels 44,216255,КИНГ,,СТИВЕН
Кинг,Стивен,,Duddits,,de,,,330380,КИНГ,,СТИВЕН
Кинг,Стивен,,Duma Key,,en,,Stephen Kings Novels 52,273984,КИНГ,,СТИВЕН
Кинг,Стивен,,Elevation,,en,2018.0,,532333,КИНГ,,СТИВЕН
Кинг,Стивен,,End of Watch,,en,2016.0,Bill Hodges Trilogy 3,450153,КИНГ,,СТИВЕН
Кинг,Стивен,,Es,,de,,,244323,КИНГ,,СТИВЕН
Кинг,Стивен,,Everything's Eventual,,en,,Stephen King Short Story Collection 4,269479,КИНГ,,СТИВЕН
Кинг,Стивен,,Fairy Tale,,en,2022.0,,687388,КИНГ,,СТИВЕН
Кинг,Стивен,,Faithful,,en,2004.0,,279914,КИНГ,,СТИВЕН
Кинг,Стивен,,Fin de ronde,,fr,2017.0,A.M.THRIL.POLAR 0|La Trilogie Bill Hodges 3,522603,КИНГ,,СТИВЕН
Кинг,Стивен,,Finders Keepers,,en,2015.0,Bill Hodges Trilogy 2,406874,КИНГ,,СТИВЕН
Кинг,Стивен,,Firestarter,,en,1980.0,Stephen Kings Novels 8,216256,КИНГ,,СТИВЕН
Кинг,Стивен,,Flight or Fright: 17 Turbulent Tales,,en,2018.0,,528017,КИНГ,,СТИВЕН
Кинг,Стивен,,Four Past Midnight,,en,,,269480,КИНГ,,СТИВЕН
Кинг,Стивен,,From a Buick 8,,en,,,269481,КИНГ,,СТИВЕН
Кинг,Стивен,,"Full Dark, No Stars",,en,2010.0,,216906,КИНГ,,СТИВЕН
Кинг,Стивен,,Gerald’s Game,,en,1992.0,Stephen Kings Novels 33,216257,КИНГ,,СТИВЕН
Кинг,Стивен,,Gramma,,en,,,269482,КИНГ,,СТИВЕН
Кинг,Стивен,,Guns,,en,2013.0,Kindle Single 0,359506,КИНГ,,СТИВЕН
Кинг,Стивен,,Gunslinger,неполный текст???,en,,Dark Tower 1,67278,КИНГ,,СТИВЕН
Кинг,Стивен,,Gunslinger,revised version,en,,Dark Tower 1,496619,КИНГ,,СТИВЕН
Кинг,Стивен,,Gwendy's Button Box,,en,2017.0,Gwendy's Button Box Trilogy 1,487301,КИНГ,,СТИВЕН
Кинг,Стивен,,Gwendy’s Final Task,,en,2022.0,Gwendy's Button Box Trilogy 3,680259,КИНГ,,СТИВЕН
Кинг,Стивен,,Head Down,,en,,Nightmares And Dreamscapes 22,173377,КИНГ,,СТИВЕН
Кинг,Стивен,,Hearts In Atlantis,,en,,,269483,КИНГ,,СТИВЕН
Кинг,Стивен,,Herman Wouk Is Still Alive,,en,2011.0,,246575,КИНГ,,СТИВЕН
Кинг,Стивен,,Hotel at The End of The Road,,en,,"People, Places & Things 1",269484,КИНГ,,СТИВЕН
Кинг,Стивен,,If It Bleeds,,en,2020.0,,590946,КИНГ,,СТИВЕН
Кинг,Стивен,,In A Half World Of Terror,,en,,,269485,КИНГ,,СТИВЕН
Кинг,Стивен,,In The Shadow Of The Master: Tales by Edgar Allan Poe,,en,2009.0,,189177,КИНГ,,СТИВЕН
Кинг,Стивен,,In the Tall Grass,,en,,,299299,КИНГ,,СТИВЕН
Кинг,Стивен,,Insomnia,,en,1994.0,Stephen Kings Novels 34,216252,КИНГ,,СТИВЕН
Кинг,Стивен,,Insomnia (Schlaflos),,de,1994.0,,244319,КИНГ,,СТИВЕН
Кинг,Стивен,,It,,en,1986.0,Stephen Kings Novels 21,197144,КИНГ,,СТИВЕН
Кинг,Стивен,,IT,en,en,,,625880,КИНГ,,СТИВЕН
Кинг,Стивен,,Ive Got To Get Away,,en,,"People, Places & Things 1",269486,КИНГ,,СТИВЕН
Кинг,Стивен,,Jerusalem's Lot,,en,1978.0,,532206,КИНГ,,СТИВЕН
Кинг,Стивен,,Jerusalem's Lot,,en,1978.0,,532213,КИНГ,,СТИВЕН
Кинг,Стивен,,Johnathan and the Witches,,en,,,269487,КИНГ,,СТИВЕН
Кинг,Стивен,,Joyland,,it,2013.0,,326326,КИНГ,,СТИВЕН
Кинг,Стивен,,Joyland,,en,2013.0,Hard Case Crime 112,326927,КИНГ,,СТИВЕН
Кинг,Стивен,,Just After Sunset,,en,2009.0,,184779,КИНГ,,СТИВЕН
Кинг,Стивен,,L.T.'S Theory Of Pets,,en,,,269488,КИНГ,,СТИВЕН
Кинг,Стивен,,La clé des vents,,fr,2012.0,La Tour Sombre 8,522172,КИНГ,,СТИВЕН
Кинг,Стивен,,La Cúpula,,es,,,254564,КИНГ,,СТИВЕН
Кинг,Стивен,,La Tour Sombre,,fr,2007.0,La Tour Sombre 7,522171,КИНГ,,СТИВЕН
Кинг,Стивен,,Las Nuevas Aventuras De Sherlock Holmes,,es,,,263610,КИНГ,,СТИВЕН
Кинг,Стивен,,Later,,en,2021.0,Hard Case Crime 147,612234,КИНГ,,СТИВЕН
Кинг,Стивен,,Laurie,,en,2018.0,,521902,КИНГ,,СТИВЕН
Кинг,Стивен,,Le Chant de Susannah,,fr,2007.0,La Tour Sombre 6,522173,КИНГ,,СТИВЕН
Кинг,Стивен,,Le Pistolero,fr,fr,2006.0,La Tour Sombre 1,522174,КИНГ,,СТИВЕН
Кинг,Стивен,,Les Loups de la Calla,,fr,2006.0,La Tour Sombre 5,522178,КИНГ,,СТИВЕН
Кинг,Стивен,,Les trois Cartes,,fr,2006.0,La Tour Sombre 2,522175,КИНГ,,СТИВЕН
Кинг,Стивен,,Lightspeed: Year One (collection),,en,2011.0,,268972,КИНГ,,СТИВЕН
Кинг,Стивен,,Lisey's Story,,en,,,269489,КИНГ,,СТИВЕН
Кинг,Стивен,,Lobos de Calla,,pt,2006.0,A Torre Negra 5,268836,КИНГ,,СТИВЕН
Кинг,Стивен,,Luckey Quarter,,en,,,269490,КИНГ,,СТИВЕН
Кинг,Стивен,,Lunch at the Gotham Cafe,,en,,,269491,КИНГ,,СТИВЕН
Кинг,Стивен,,Magie et Cristal,,fr,2006.0,La Tour Sombre 4,522177,КИНГ,,СТИВЕН
Кинг,Стивен,,Mago e Vidro,,pt,2005.0,A Torre Negra 4,262602,КИНГ,,СТИВЕН
Кинг,Стивен,,Man With A Belly ,,en,,,424564,КИНГ,,СТИВЕН
Кинг,Стивен,,Mile 81,,en,2011.0,,243532,КИНГ,,СТИВЕН
Кинг,Стивен,,Misery,,en,1988.0,Stephen Kings Novels 22,216627,КИНГ,,СТИВЕН
Кинг,Стивен,,Mizere,,lt,1994.0,,606324,КИНГ,,СТИВЕН
Кинг,Стивен,,Mr Mercedes,,fr,2015.0,A.M.THRIL.POLAR 0|La Trilogie Bill Hodges 1,522605,КИНГ,,СТИВЕН
Кинг,Стивен,,Mr. Mercedes,,en,2014.0,Bill Hodges Trilogy 1,365667,КИНГ,,СТИВЕН
Кинг,Стивен,,My Little Serrated Security Blanket,,en,,,269492,КИНГ,,СТИВЕН
Кинг,Стивен,,Needful Things,,en,1991.0,Stephen Kings Novels 30,216258,КИНГ,,СТИВЕН
Кинг,Стивен,,Needful Things,,en,1991.0,,623004,КИНГ,,СТИВЕН
Кинг,Стивен,,Never Look Behind You,,en,,"People, Places & Things 1",269493,КИНГ,,СТИВЕН
Кинг,Стивен,,Night Journey,,en,2016.0,The Green Mile 5,450322,КИНГ,,СТИВЕН
Кинг,Стивен,,Night Shift,,en,,,486993,КИНГ,,СТИВЕН
Кинг,Стивен,,O Pistoleiro,,pt,2004.0,A Torre Negra 1,262596,КИНГ,,СТИВЕН
Кинг,Стивен,,Oczy Smoka,,pl,,,293558,КИНГ,,СТИВЕН
Кинг,Стивен,,On Writing: A Memoir of the Craft,,en,2000.0,,480270,КИНГ,,СТИВЕН
Кинг,Стивен,,Other Worlds Than These (collection),,en,2012.0,,305701,КИНГ,,СТИВЕН
Кинг,Стивен,,"People, Places, and Things",,en,,,269495,КИНГ,,СТИВЕН
Кинг,Стивен,,Pet Sematary,,en,1983.0,Stephen Kings Novels 17,216259,КИНГ,,СТИВЕН
Кинг,Стивен,,Po zachodzie słońca,,pl,,,294811,КИНГ,,СТИВЕН
Кинг,Стивен,,Rage,,en,1977.0,Richard Bachman 1,216150,КИНГ,,СТИВЕН
Кинг,Стивен,,Rainy Season,,en,1989.0,Nightmares And Dreamscapes 13,173378,КИНГ,,СТИВЕН
Кинг,Стивен,,Red Screen,en,en,2021.0,,636768,КИНГ,,СТИВЕН
Кинг,Стивен,,Revival,,en,2014.0,,384544,КИНГ,,СТИВЕН
Кинг,Стивен,,Riding The Bullet,,en,,,269496,КИНГ,,СТИВЕН
Кинг,Стивен,,Rita Hayworth and Shawshank Redemption,,en,1982.0,Different Seasons 2,217297,КИНГ,,СТИВЕН
Кинг,Стивен,,Roadwork,,en,1981.0,Richard Bachman 3,216152,КИНГ,,СТИВЕН
Кинг,Стивен,,Rose Madder,,en,1994.0,Stephen Kings Novels 35,216260,КИНГ,,СТИВЕН
Кинг,Стивен,,Salem's Lot,,en,,,269497,КИНГ,,СТИВЕН
Кинг,Стивен,,Shining,,fr,2007.0,"Imaginaire 0|Le Livre de Poche 0|Shining, l'enfant lumière 1",522492,КИНГ,,СТИВЕН
Кинг,Стивен,,Silence,,en,,,269498,КИНГ,,СТИВЕН
Кинг,Стивен,,Six Scary Stories,,en,2016.0,,458940,КИНГ,,СТИВЕН
Кинг,Стивен,,Six Stories,,en,,,269499,КИНГ,,СТИВЕН
Кинг,Стивен,,Skeleton Crew,,en,2016.0,,454674,КИНГ,,СТИВЕН
Кинг,Стивен,,Slade,,en,,,269501,КИНГ,,СТИВЕН
Кинг,Стивен,,Sleeping Beauties,,en,2017.0,,499542,КИНГ,,СТИВЕН
Кинг,Стивен,,Sneakers,,en,,,269502,КИНГ,,СТИВЕН
Кинг,Стивен,,Sometimes They Come Back,,en,,,269503,КИНГ,,СТИВЕН
Кинг,Стивен,,Song of Susannah,,en,2004.0,Dark Tower 6,216159,КИНГ,,СТИВЕН
Кинг,Стивен,,Sprengstoff,,de,1987.0,,234559,КИНГ,,СТИВЕН
Кинг,Стивен,,Squad D,en,en,1978.0,,634561,КИНГ,,СТИВЕН
Кинг,Стивен,,Storm of the Century,,en,,,269504,КИНГ,,СТИВЕН
Кинг,Стивен,,Strefa Śmierci,,pl,,,293712,КИНГ,,СТИВЕН
Кинг,Стивен,,Suffer the Little Children,,en,,Nightmares And Dreamscapes 3,173379,КИНГ,,СТИВЕН
Кинг,Стивен,,Survivor Type,,en,,,269506,КИНГ,,СТИВЕН
Кинг,Стивен,,Svetimas,,lt,2020.0,,664484,КИНГ,,СТИВЕН
Кинг,Стивен,,Tails of Wonder and Imagination,,en,2010.0,,316163,КИНГ,,СТИВЕН
Кинг,Стивен,,Terres perdues,,fr,2006.0,La Tour Sombre 3,522176,КИНГ,,СТИВЕН
Кинг,Стивен,,The Bachman Books,,en,,,269507,КИНГ,,СТИВЕН
Кинг,Стивен,,The Bad Death of Eduard Delacroix,,en,2016.0,The Green Mile 4,450321,КИНГ,,СТИВЕН
Кинг,Стивен,,The Bazaar of Bad Dreams,,en,2001.0,,425373,КИНГ,,СТИВЕН
Кинг,Стивен,,The Best American Mystery Stories 2016,An anthology of stories edited by Elizabeth George and Otto Penzler,en,2016.0,The Best American Mystery Stories 0,469383,КИНГ,,СТИВЕН
Кинг,Стивен,,The Best Horror of the Year. Volume 4,,en,2015.0,Anthology 2012,417934,КИНГ,,СТИВЕН
Кинг,Стивен,,The Blue Air Compressor,,en,,,269508,КИНГ,,СТИВЕН
Кинг,Стивен,,The Body,,en,2018.0,,523818,КИНГ,,СТИВЕН
Кинг,Стивен,,The Cat from Hell,,en,,,269509,КИНГ,,СТИВЕН
Кинг,Стивен,,The Collective,,en,,,269510,КИНГ,,СТИВЕН
Кинг,Стивен,,The Colorado Kid,,en,2005.0,,126035,КИНГ,,СТИВЕН
Кинг,Стивен,,The Crate,,en,,,269511,КИНГ,,СТИВЕН
Кинг,Стивен,,The Cursed Expedition,,en,,,269512,КИНГ,,СТИВЕН
Кинг,Стивен,,The Dark Half,,en,,,269513,КИНГ,,СТИВЕН
Кинг,Стивен,,The Dark Man,,en,,,269514,КИНГ,,СТИВЕН
Кинг,Стивен,,The Dark Tower,,en,,Dark Tower 7,527221,КИНГ,,СТИВЕН
Кинг,Стивен,,The Dead Zone,,en,1979.0,Stephen Kings Novels 6,216170,КИНГ,,СТИВЕН
Кинг,Стивен,,The Drawing of the Three,,en,,Dark Tower 2,67279,КИНГ,,СТИВЕН
Кинг,Стивен,,The End of the Whole Mess:,,en,,,269515,КИНГ,,СТИВЕН
Кинг,Стивен,,The Eyes of the Dragon,,en,1987.0,Stephen Kings Novels 18,216253,КИНГ,,СТИВЕН
Кинг,Стивен,,The Girl Who Loved Tom Gordon,,en,,,269528,КИНГ,,СТИВЕН
Кинг,Стивен,,The Green Mile,,en,,Stephen Kings Novels 37,100993,КИНГ,,СТИВЕН
Кинг,Стивен,,The Green Mile,,de,,,263201,КИНГ,,СТИВЕН
Кинг,Стивен,,The House on Maple Street,,en,,Nightmares And Dreamscapes 19,173380,КИНГ,,СТИВЕН
Кинг,Стивен,,The Improbable Adventures of Sherlock Holmes,,en,2009.0,,190923,КИНГ,,СТИВЕН
Кинг,Стивен,,The Institute,,en,2019.0,,559179,КИНГ,,СТИВЕН
Кинг,Стивен,,The Jaunt. Travel,,en,,,269516,КИНГ,,СТИВЕН
Кинг,Стивен,,The Langoliers,,en,,Stephen Kings Novels 27,141833,КИНГ,,СТИВЕН
Кинг,Стивен,,The Leprechaun,,en,,,269517,КИНГ,,СТИВЕН
Кинг,Стивен,,The Little Sisters of Eluria,,en,1998.0,Dark Tower 0,216155,КИНГ,,СТИВЕН
Кинг,Стивен,,The Living Dead,,en,2008.0,,334095,КИНГ,,СТИВЕН
Кинг,Стивен,,The Long Walk,,en,,Richard Bachman 2,400886,КИНГ,,СТИВЕН
Кинг,Стивен,,The Man in the Black Suit : 4 Dark Tales,,en,,,269519,КИНГ,,СТИВЕН
Кинг,Стивен,,The Mist,,en,11.0,Skeleton Crew 1,94511,КИНГ,,СТИВЕН
Кинг,Стивен,,The Monkey,,en,,,269520,КИНГ,,СТИВЕН
Кинг,Стивен,,The Mouse on the Mile,,en,2016.0,The Green Mile 2,445016,КИНГ,,СТИВЕН
Кинг,Стивен,,The Night of The Tiger,,en,,,269521,КИНГ,,СТИВЕН
Кинг,Стивен,,The Other Side Of The Fog,,en,,"People, Places & Things 1",269522,КИНГ,,СТИВЕН
Кинг,Стивен,,The Outsider,,en,2018.0,,521288,КИНГ,,СТИВЕН
Кинг,Стивен,,The Plant,,en,,,317324,КИНГ,,СТИВЕН
Кинг,Стивен,,The Puffin Book of Horror Stories,,en,1996.0,,250935,КИНГ,,СТИВЕН
Кинг,Стивен,,The Regulators,,en,1996.0,Richard Bachman 6,216154,КИНГ,,СТИВЕН
Кинг,Стивен,,The Reploids,,en,,,269523,КИНГ,,СТИВЕН
Кинг,Стивен,,The Road Virus Heads North,,en,,,269524,КИНГ,,СТИВЕН
Кинг,Стивен,,The Running Man,,en,1988.0,Richard Bachman 4,216153,КИНГ,,СТИВЕН
Кинг,Стивен,,The Secret History of Fantasy,anthology,en,2010.0,,252519,КИНГ,,СТИВЕН
Кинг,Стивен,,The Shining,,en,1977.0,Shining 1,216261,КИНГ,,СТИВЕН
Кинг,Стивен,,The Stand,,en,,Stephen Kings Novels 5,123409,КИНГ,,СТИВЕН
Кинг,Стивен,,The Stand. Das letze Gefecht,,de,1990.0,,313549,КИНГ,,СТИВЕН
Кинг,Стивен,,The Stranger,,en,,"People, Places & Things 1",269525,КИНГ,,СТИВЕН
Кинг,Стивен,,The Talisman,,en,1984.0,the talisman 1,269526,КИНГ,,СТИВЕН
Кинг,Стивен,,The Thing at the Bottom of the Well,,en,,"People, Places & Things 1",269527,КИНГ,,СТИВЕН
Кинг,Стивен,,The Tommyknockers,,en,,Stephen Kings Novels 24,122857,КИНГ,,СТИВЕН
Кинг,Стивен,,The Two Dead Girls,,en,2016.0,The Green Mile 1,445015,КИНГ,,СТИВЕН
Кинг,Стивен,,"The Very Best of Fantasy & Science Fiction, Volume Two",,en,2014.0,,466805,КИНГ,,СТИВЕН
Кинг,Стивен,,The Very Best of Fantasy & Science Fiction: Sixtieth Anniversary Anthology,,en,2009.0,,464535,КИНГ,,СТИВЕН
Кинг,Стивен,,The Waste Lands,,en,1991.0,Dark Tower 3,216156,КИНГ,,СТИВЕН
Кинг,Стивен,,The Wind Through the Keyhole,,en,,Dark Tower 8,274393,КИНГ,,СТИВЕН
Кинг,Стивен,,Thinner,,en,,Richard Bachman 5,75500,КИНГ,,СТИВЕН
Кинг,Стивен,,Transgressions,,en,,,269529,КИНГ,,СТИВЕН
Кинг,Стивен,,Tursi se,calibre 2.52.0,bg,101.0,,437273,КИНГ,,СТИВЕН
Кинг,Стивен,,Tylos zona,,lt,1989.0,,515738,КИНГ,,СТИВЕН
Кинг,Стивен,,Tylos zona,,lt,1999.0,,527295,КИНГ,,СТИВЕН
Кинг,Стивен,,Umney's Last Case,,en,,Nightmares And Dreamscapes 21,173381,КИНГ,,СТИВЕН
Кинг,Стивен,,Uncollected Stories 2003,,en,,,269530,КИНГ,,СТИВЕН
Кинг,Стивен,,Under the Dome,,en,2009.0,Stephen Kings Novels 53,293026,КИНГ,,СТИВЕН
Кинг,Стивен,,Under the Dome (Под Куполом),Параллельный перевод,ru,2009.0,"Кинг, Стивен. Романы 33",435128,КИНГ,,СТИВЕН
Кинг,Стивен,,Ur,,en,2009.0,,216234,КИНГ,,СТИВЕН
Кинг,Стивен,,Wastelands: Stories of the Apocalipse,anthology,en,2008.0,Wastelands 1,235389,КИНГ,,СТИВЕН
Кинг,Стивен,,Wizard and Glass,,en,1997.0,Dark Tower 4,216157,КИНГ,,СТИВЕН
Кинг,Стивен,,Wolves of the Calla,,en,2003.0,Dark Tower 5,216158,КИНГ,,СТИВЕН
Кинг,Стивен,,Word Processor of the Gods,,en,1985.0,,407419,КИНГ,,СТИВЕН
Кинг,Стивен,,Žalioji mylia,,lt,1993.0,,527323,КИНГ,,СТИВЕН
Кинг,Стивен,,Zielona Mila,,pl,,,293557,КИНГ,,СТИВЕН
Кинг,Стивен,,Zombies: A Compendium of the Living Dead,An anthology of stories,en,2012.0,,510316,КИНГ,,СТИВЕН
Кинг,Стивен,,Zwischen Nacht und Dunkel,,de,2010.0,,216529,КИНГ,,СТИВЕН
Кинг,Стивен,,Автобус – это другой мир,,ru,2014.0,Ярмарка дурных снов [сборник] 17,372577,КИНГ,,СТИВЕН
Кинг,Стивен,,Авторское предисловие,,ru,1985.0,Команда скелетов 0,503814,КИНГ,,СТИВЕН
Кинг,Стивен,,Ад - это космос,компиляция,ru,2021.0,Антология фантастики 2021,633448,КИНГ,,СТИВЕН
Кинг,Стивен,,Адова кошка,,ru,,Сразу после заката 9,300939,КИНГ,,СТИВЕН
Кинг,Стивен,,Аз съм вратата,,bg,,Нощна смяна 4,213041,КИНГ,,СТИВЕН
Кинг,Стивен,,Ако има кръв,bg,bg,2020.0,,627037,КИНГ,,СТИВЕН
Кинг,Стивен,,Акционерное общество «Больше не курим» (сборник),,ru,2012.0,Ночная смена 0|Стивен Кинг. Собрание сочинений 0,338174,КИНГ,,СТИВЕН
Кинг,Стивен,,"Английский язык со Стивеном Кингом. ""Кадиллак"" Долана / Stephen King: Dolan's Cadillac",,ru,,Метод чтения Ильи Франка 0,197214,КИНГ,,СТИВЕН
Кинг,Стивен,,Английский язык со Стивеном Кингом. Верхом на пуле / Stephen King: Riding the Bullet,,ru,,Метод чтения Ильи Франка 0,197212,КИНГ,,СТИВЕН
Кинг,Стивен,,Английский язык со Стивеном Кингом. Дети кукурузы / Stephen King. Children of the Corn (ASCII-IPA),Английский язык со Стивеном Кингом. Дети кукурузы,ru,,Метод чтения Ильи Франка 0,197213,КИНГ,,СТИВЕН
Кинг,Стивен,,Английский язык со Стивеном Кингом. Земляничная весна / Stephen King. Strawberry Spring,,ru,,Метод чтения Ильи Франка 0,197217,КИНГ,,СТИВЕН
Кинг,Стивен,,Английский язык со Стивеном Кингом. Кошка из ада / Stephen King. The Cat from Hell,,ru,,Метод чтения Ильи Франка 0,197215,КИНГ,,СТИВЕН
Кинг,Стивен,,Английский язык со Стивеном Кингом. Счастливый четвертак / Stephen King. Luckey Quarter,,ru,,Метод чтения Ильи Франка 0,197216,КИНГ,,СТИВЕН
Кинг,Стивен,,Армагеддон,= Противостояние,ru,1993.0,"Кинг, Стивен. Романы 4|Мастера остросюжетной мистики 9",463333,КИНГ,,СТИВЕН
Кинг,Стивен,,Армагеддон. Книга 1,,ru,1993.0,Мастера остросюжетной мистики 9,589978,КИНГ,,СТИВЕН
Кинг,Стивен,,Армагеддон. Книга 2. Выпуск 10 (07),,ru,,,589979,КИНГ,,СТИВЕН
Кинг,Стивен,,Аутсайдер,,uk,2019.0,,564287,КИНГ,,СТИВЕН
Кинг,Стивен,,Аяна,,ru,2007.0,Сразу после заката 12,182751,КИНГ,,СТИВЕН
Кинг,Стивен,,Баба,,bg,,Skeleton Crew 20,213042,КИНГ,,СТИВЕН
Кинг,Стивен,,Бабуля,= Пока мамы нет дома,ru,,Экипаж скелетов 20,463371,КИНГ,,СТИВЕН
Кинг,Стивен,,Балада за гъвкавия куршум,,bg,,Skeleton Crew 21,213043,КИНГ,,СТИВЕН
Кинг,Стивен,,Баллада о блуждающей пуле,= Блуждающая пуля,ru,,Экипаж скелетов 21,463370,КИНГ,,СТИВЕН
Кинг,Стивен,,Баллада о гибкой пуле,,ru,,Экипаж скелетов 21,410515,КИНГ,,СТИВЕН
Кинг,Стивен,,Банка с печеньем,,ru,2016.0,,460982,КИНГ,,СТИВЕН
Кинг,Стивен,,Бегущий человек,litres,ru,2012.0,Книги Бахмана 4|Стивен Кинг. Собрание сочинений 0,311573,КИНГ,,СТИВЕН
Кинг,Стивен,,Бегущий человек,,ru,1993.0,Бестселлеры Голливуда 0|Книги Бахмана 4,328831,КИНГ,,СТИВЕН
Кинг,Стивен,,Безнадега,,ru,2014.0,"Кинг, Стивен. Романы 23|Темная башня (АСТ) 0",397174,КИНГ,,СТИВЕН
Кинг,Стивен,,Безсоння,,uk,2008.0,,424229,КИНГ,,СТИВЕН
Кинг,Стивен,,Безсъние,,bg,,Stephen Kings Novels 34,213046,КИНГ,,СТИВЕН
Кинг,Стивен,,Бележки (Skeleton Crew),,bg,,Skeleton Crew 23,213045,КИНГ,,СТИВЕН
Кинг,Стивен,,Бележки (Кошмари и съновидения),,bg,,Кошмари и съновидения 24,213044,КИНГ,,СТИВЕН
Кинг,Стивен,,Бесконечная игра,,ru,1992.0,Антология фантастики 1992|НФ: альманах научной фантастики 0,215125,КИНГ,,СТИВЕН
Кинг,Стивен,,Бесплодные земли,= Пустоши,ru,,«Тёмная Башня» 3|Стивен Кинг. Собрание сочинений 0,67265,КИНГ,,СТИВЕН
Кинг,Стивен,,Бесплодные земли,,ru,2010.0,«Тёмная Башня» 3|Темная башня (АСТ) 0,531027,КИНГ,,СТИВЕН
Кинг,Стивен,,Бесплодные земли,litres,ru,2005.0,«Тёмная Башня» 3|Темная башня (АСТ) 0,531074,КИНГ,,СТИВЕН
Кинг,Стивен,,Бессонница,,ru,1997.0,"Кинг, Стивен. Романы 20",235014,КИНГ,,СТИВЕН
Кинг,Стивен,,Бессонница,,ru,2010.0,"Кинг, Стивен. Романы 20|Темная башня (АСТ) 0",397201,КИНГ,,СТИВЕН
Кинг,Стивен,,Библиотечна полиция,,bg,,Четири след полунощ 3,213047,КИНГ,,СТИВЕН
Кинг,Стивен,,Библиотечная полиция,,ru,,Четыре после полуночи 3,159046,КИНГ,,СТИВЕН
Кинг,Стивен,,Билли «Блокада»,,ru,2010.0,Ярмарка дурных снов [сборник] 13,420770,КИНГ,,СТИВЕН
Кинг,Стивен,,Билли Саммерс,,ru,2022.0,"Кинг, Стивен. Романы 0|Темная башня (АСТ) 0",668672,КИНГ,,СТИВЕН
Кинг,Стивен,,Блейз,,ru,2007.0,Книги Бахмана 7|Стивен Кинг. Черная серия 0,252800,КИНГ,,СТИВЕН
Кинг,Стивен,,Блейз,"сборник, litres",ru,2017.0,Книги Бахмана 7,508487,КИНГ,,СТИВЕН
Кинг,Стивен,,Болельщик,Faithful (ru),ru,2007.0,,166369,КИНГ,,СТИВЕН
Кинг,Стивен,,Болельщик,litres,ru,2019.0,Темная башня (АСТ) 0,555367,КИНГ,,СТИВЕН
Кинг,Стивен,,"Болельщик. С. О'Нэн,  С. Кинг. Рецензия",,ru,,Рецензии 0,166370,КИНГ,,СТИВЕН
Кинг,Стивен,,Бруклин в августе,,ru,,,324294,КИНГ,,СТИВЕН
Кинг,Стивен,,Будет кровь,сборник litres,ru,2020.0,"Кинг, Стивен. Сборники 0|Темная башня (АСТ) 0",605952,КИНГ,,СТИВЕН
Кинг,Стивен,,Буря столетия,,ru,2007.0,,289500,КИНГ,,СТИВЕН
Кинг,Стивен,,Буря столетия,litres,ru,2018.0,Темная башня (АСТ) 0,531516,КИНГ,,СТИВЕН
Кинг,Стивен,,Бурята на века,,bg,2014.0,,415902,КИНГ,,СТИВЕН
Кинг,Стивен,,Бэтмен и Робин ссорятся,,ru,2012.0,Ярмарка дурных снов [сборник] 3,333497,КИНГ,,СТИВЕН
Кинг,Стивен,,Бягащият човек,,bg,,Richard Bachman 4,213048,КИНГ,,СТИВЕН
Кинг,Стивен,,В Бурьяне,,ru,2012.0,,330648,КИНГ,,СТИВЕН
Кинг,Стивен,,В комнате смерти,,ru,1999.0,Все предельно 5|Стивен Кинг. Собрание сочинений 0,215138,КИНГ,,СТИВЕН
Кинг,Стивен,,В стаята на смъртта,,bg,,Всичко е съдбовно 5,213162,КИНГ,,СТИВЕН
Кинг,Стивен,,Вампирские архивы: Книга 1. Дети ночи,,ru,2011.0,"The Best Of. Фантастика, фэнтези, мистика 0|Антология ужасов 2011|Вампирские Архивы 1",287089,КИНГ,,СТИВЕН
Кинг,Стивен,,Вампирът,,bg,,Нощна смяна 6,213163,КИНГ,,СТИВЕН
Кинг,Стивен,,Вбивця,,uk,,,568337,КИНГ,,СТИВЕН
Кинг,Стивен,,Введение в Шесть Страшных Историй,,ru,2016.0,,504237,КИНГ,,СТИВЕН
Кинг,Стивен,,Велотренажер,,ru,2003.0,Сразу после заката 5,182755,КИНГ,,СТИВЕН
Кинг,Стивен,,Верхом на пуле,= Катаясь на «Пуле»,ru,2004.0,Все предельно 13|Стивен Кинг. Собрание сочинений 0,215137,КИНГ,,СТИВЕН
Кинг,Стивен,,Весны извечные надежды (Рита Хейворт в Шоушенкской тюрьме),,ru,,Четыре сезона [Стивен Кинг] 1,217570,КИНГ,,СТИВЕН
Кинг,Стивен,,Ветер сквозь замочную скважину,,ru,2012.0,«Тёмная Башня» 8,293763,КИНГ,,СТИВЕН
Кинг,Стивен,,Ветер сквозь замочную скважину,,ru,2013.0,«Тёмная Башня» 8|Темная башня (АСТ) 0,557535,КИНГ,,СТИВЕН
Кинг,Стивен,,Вечер у Бога,,ru,,Сборник редких рассказов 1,125834,КИНГ,,СТИВЕН
Кинг,Стивен,,Вечерний свет,сборник,ru,2015.0,Антология ужасов 2015|Темная башня (АСТ) 0,423726,КИНГ,,СТИВЕН
Кинг,Стивен,,"Вещи, которые остались после них",,ru,2007.0,The International Bestseller 0|Сразу после заката 6,182757,КИНГ,,СТИВЕН
Кинг,Стивен,,Взаперти,,ru,2016.0,,464552,КИНГ,,СТИВЕН
Кинг,Стивен,,Взаперти,,ru,,,464601,КИНГ,,СТИВЕН
Кинг,Стивен,,Відродження,,uk,2015.0,,402203,КИНГ,,СТИВЕН
Кинг,Стивен,,Вітер у замкову шпарину,,uk,2013.0,Темна вежа 8,379995,КИНГ,,СТИВЕН
Кинг,Стивен,,Вне закона,антология,ru,2007.0,The International Bestseller 0|Антология детектива 2007|Сборники разных авторов 0,239107,КИНГ,,СТИВЕН
Кинг,Стивен,,Вовки Кальї. Темна вежа V,,uk,2010.0,Темна вежа 5,446612,КИНГ,,СТИВЕН
Кинг,Стивен,,Возвратившийся Каин,,ru,,Экипаж скелетов 4,410388,КИНГ,,СТИВЕН
Кинг,Стивен,,Возвращение Тимми Батермэна,,ru,1983.0,Кладбище домашних животных 0,531121,КИНГ,,СТИВЕН
Кинг,Стивен,,Возрождение,,ru,2015.0,"Кинг, Стивен. Романы 38|Темная башня (АСТ) 0",400576,КИНГ,,СТИВЕН
Кинг,Стивен,,Возрождение,,ru,2015.0,"Кинг, Стивен. Романы 38",401524,КИНГ,,СТИВЕН
Кинг,Стивен,,Волки Кальи,,ru,2004.0,«Тёмная Башня» 5|Стивен Кинг. Черная серия 0,328266,КИНГ,,СТИВЕН
Кинг,Стивен,,Волки Кальи,изд. 2006г. испр.,ru,2006.0,«Тёмная Башня» 5|Стивен Кинг. Собрание сочинений 0,373380,КИНГ,,СТИВЕН
Кинг,Стивен,,Волки Кальи,litres,ru,2010.0,«Тёмная Башня» 5|Стивен Кинг. Собрание сочинений 0,543918,КИНГ,,СТИВЕН
Кинг,Стивен,,Воно,,uk,2015.0,,495106,КИНГ,,СТИВЕН
Кинг,Стивен,,Воспарение [= На подъеме],ЛП,ru,2018.0,,533151,КИНГ,,СТИВЕН
Кинг,Стивен,,Воспламеняющая,litres,ru,2017.0,"Кинг, Стивен. Романы 6|Король на все времена 0",478349,КИНГ,,СТИВЕН
Кинг,Стивен,,Воспламеняющая взглядом,,ru,1997.0,"Кинг, Стивен. Романы 6|Стивен Кинг. Собрание сочинений 0",67273,КИНГ,,СТИВЕН
Кинг,Стивен,,Воссоединение,litres,ru,2018.0,Король на все времена 0|Оно 2,532425,КИНГ,,СТИВЕН
Кинг,Стивен,,Восставший Каин,,ru,,Экипаж скелетов 4,26907,КИНГ,,СТИВЕН
Кинг,Стивен,,Всё возможно,,ru,,,26911,КИНГ,,СТИВЕН
Кинг,Стивен,,Все предельно,,ru,1997.0,Все предельно 7|Стивен Кинг. Собрание сочинений 0,26909,КИНГ,,СТИВЕН
Кинг,Стивен,,Все предельно,сборник,ru,2010.0,"Кинг, Стивен. Авторские сборники рассказов 6|Темная башня (АСТ) 0",419901,КИНГ,,СТИВЕН
Кинг,Стивен,,Все что нужно знать чтобы стать успешным писателем,,ru,1988.0,,498947,КИНГ,,СТИВЕН
Кинг,Стивен,,"Все, что ты любил когда-то, ветром унесет",,ru,2004.0,Все предельно 3|Стивен Кинг. Собрание сочинений 0,232265,КИНГ,,СТИВЕН
Кинг,Стивен,,Всемогущий текст-процессор,,ru,2004.0,Экипаж скелетов 10,410389,КИНГ,,СТИВЕН
Кинг,Стивен,,Всичко е съдбовно,,bg,,Всичко е съдбовно 7,213164,КИНГ,,СТИВЕН
Кинг,Стивен,,"Всичко, което обичаш, ще ти бъде отнето",,bg,,Всичко е съдбовно 3,213165,КИНГ,,СТИВЕН
Кинг,Стивен,,Вступление,,ru,2008.0,Сразу после заката 0,182758,КИНГ,,СТИВЕН
Кинг,Стивен,,Вступление к сборнику «Ночная смена»,,ru,1978.0,Ночная смена 0,173227,КИНГ,,СТИВЕН
Кинг,Стивен,,Встъпление (Кошмари и съновидения),,bg,,Кошмари и съновидения 0,213166,КИНГ,,СТИВЕН
Кинг,Стивен,,Встъпление (Нощна смяна),,bg,,Нощна смяна 0,213167,КИНГ,,СТИВЕН
Кинг,Стивен,,Въведение (Skeleton Crew),,bg,,Skeleton Crew 0,213168,КИНГ,,СТИВЕН
Кинг,Стивен,,Възкресяване,,bg,2015.0,,405763,КИНГ,,СТИВЕН
Кинг,Стивен,,Вълците от Кала,,bg,2003.0,the dark tower 5|Тъмната кула 5,411335,КИНГ,,СТИВЕН
Кинг,Стивен,,Высокая зеленая трава,,ru,2013.0,,332321,КИНГ,,СТИВЕН
Кинг,Стивен,,Газонокосильщик,,ru,1975.0,Ночная смена 13|Стивен Кинг. Собрание сочинений 0,26747,КИНГ,,СТИВЕН
Кинг,Стивен,,Газонокосильщик [сборник],,ru,2011.0,"Кинг, Стивен. Сборники 0",366988,КИНГ,,СТИВЕН
Кинг,Стивен,,Газу,,ru,,,409170,КИНГ,,СТИВЕН
Кинг,Стивен,,Гвенди и её шкатулка,ЛП,ru,2017.0,Гвенди 1,498531,КИНГ,,СТИВЕН
Кинг,Стивен,,Гвенди и ее шкатулка,litres,ru,2017.0,Вселенная Стивена Кинга 0|Гвенди 1,513857,КИНГ,,СТИВЕН
Кинг,Стивен,,Гвенди и ее шкатулка,,ru,2017.0,Гвенди 1,526785,КИНГ,,СТИВЕН
Кинг,Стивен,,Герман Вук еще жив,,ru,,Ярмарка дурных снов [сборник] 11,247515,КИНГ,,СТИВЕН
Кинг,Стивен,,Глаза дракона,,ru,1999.0,"Кинг, Стивен. Романы 13|Стивен Кинг. Собрание сочинений 0",173327,КИНГ,,СТИВЕН
Кинг,Стивен,,Глаза дракона,,ru,2014.0,"Кинг, Стивен. Романы 13|Темная башня (АСТ) 0",418527,КИНГ,,СТИВЕН
Кинг,Стивен,,Глаза дракона,litres,ru,2018.0,"Кинг, Стивен. Романы 13|Темная башня (АСТ) 0",531512,КИНГ,,СТИВЕН
Кинг,Стивен,,Гняв,,bg,,Richard Bachman 1,213066,КИНГ,,СТИВЕН
Кинг,Стивен,,Големите колела: Разказ за играта на пране (Млекар № 2),,bg,,Skeleton Crew 19,213067,КИНГ,,СТИВЕН
Кинг,Стивен,,Голубой воздушный компрессор,,ru,1971.0,,503657,КИНГ,,СТИВЕН
Кинг,Стивен,,Град Отчаяние,,bg,,Град Отчаяние/Отмъстителите 0,213064,КИНГ,,СТИВЕН
Кинг,Стивен,,Гретель,,ru,2011.0,Сразу после заката 2,504061,КИНГ,,СТИВЕН
Кинг,Стивен,,Гробище за домашни любимци,,bg,,Stephen Kings Novels 17,213068,КИНГ,,СТИВЕН
Кинг,Стивен,,Громила,,ru,,"Тьма, — и больше ничего 2",504078,КИНГ,,СТИВЕН
Кинг,Стивен,,Грузовик дяди Отто,,ru,1983.0,Экипаж скелетов 17,26749,КИНГ,,СТИВЕН
Кинг,Стивен,,Грузовики,,ru,1973.0,Ночная смена 9|Стивен Кинг. Собрание сочинений 0,26750,КИНГ,,СТИВЕН
Кинг,Стивен,,Гуменки,,bg,,Кошмари и съновидения 10,213069,КИНГ,,СТИВЕН
Кинг,Стивен,,Да се возиш на вагончето на смъртта,,bg,,Всичко е съдбовно 13,213053,КИНГ,,СТИВЕН
Кинг,Стивен,,Да страдат дечицата,,bg,,Кошмари и съновидения 3,213054,КИНГ,,СТИВЕН
Кинг,Стивен,,Давилка,= Мясорубка,ru,1972.0,Ночная смена 5|Стивен Кинг. Собрание сочинений 0,26728,КИНГ,,СТИВЕН
Кинг,Стивен,,Двери между мирами,= Извлечение троих,ru,1995.0,«Тёмная Башня» 2|Стивен Кинг. Собрание сочинений 0,67270,КИНГ,,СТИВЕН
Кинг,Стивен,,Движещият се пръст,,bg,,Кошмари и съновидения 9,213060,КИНГ,,СТИВЕН
Кинг,Стивен,,"Девочка, которая любила Тома Гордона",,ru,2004.0,"Кинг, Стивен. Романы 25|Стивен Кинг. Собрание сочинений 0",328352,КИНГ,,СТИВЕН
Кинг,Стивен,,Деда,"= Попси, Папся",ru,,Ночные кошмары и фантастические видения 5,26729,КИНГ,,СТИВЕН
Кинг,Стивен,,Дети кукурузы,= Кукурузные дети,ru,1977.0,Ночная смена 16|Стивен Кинг. Собрание сочинений 0,67269,КИНГ,,СТИВЕН
Кинг,Стивен,,Дети Эдгара По,,ru,2013.0,"The Best Of. Фантастика, фэнтези, мистика 0|Антология ужасов 2013",357232,КИНГ,,СТИВЕН
Кинг,Стивен,,Детки в клетке,,ru,,Ночные кошмары и фантастические видения 3,150732,КИНГ,,СТИВЕН
Кинг,Стивен,,Детки в клетке (сборник),,ru,2000.0,Ночные кошмары и фантастические видения 0|Стивен Кинг. Собрание сочинений 0,373780,КИНГ,,СТИВЕН
Кинг,Стивен,,Децата на царевицата,,bg,,Нощна смяна 16,213055,КИНГ,,СТИВЕН
Кинг,Стивен,,Джирусълъмс Лот,,bg,,Нощна смяна 1,213063,КИНГ,,СТИВЕН
Кинг,Стивен,,Джойленд,Страна радости,ru,2013.0,"Кинг, Стивен. Романы 35",332432,КИНГ,,СТИВЕН
Кинг,Стивен,,Джойленд,bg,bg,2013.0,,374168,КИНГ,,СТИВЕН
Кинг,Стивен,,Джонатан и ведьмы,,ru,,Сборник редких рассказов 2,125836,КИНГ,,СТИВЕН
Кинг,Стивен,,Дино,,ru,1994.0,,503880,КИНГ,,СТИВЕН
Кинг,Стивен,,Дитя Колорадо,,ru,,"Кинг, Стивен. Романы 29",67268,КИНГ,,СТИВЕН
Кинг,Стивен,,Длинный путь,The Long Walk,ru,1995.0,Книги Бахмана 2|Стивен Кинг. Собрание сочинений 0,67267,КИНГ,,СТИВЕН
Кинг,Стивен,,Для птиц (Птицам),,ru,,Сборник редких рассказов 3,125837,КИНГ,,СТИВЕН
Кинг,Стивен,,Доктор Сон,,ru,2013.0,"Дэнни Торранс 2|Кинг, Стивен. Романы 36",349295,КИНГ,,СТИВЕН
Кинг,Стивен,,Доктор Сон,,ru,2014.0,"Дэнни Торранс 2|Кинг, Стивен. Романы 36|Темная башня (АСТ) 0",363057,КИНГ,,СТИВЕН
Кинг,Стивен,,Доктор Сон,,uk,2014.0,Денні Торранс 2,430349,КИНГ,,СТИВЕН
Кинг,Стивен,,Доктор Сон,,ru,2019.0,"Кинг, Стивен. Романы 36",588002,КИНГ,,СТИВЕН
Кинг,Стивен,,Доктор Сън,,bg,2013.0,,400283,КИНГ,,СТИВЕН
Кинг,Стивен,,Долгая прогулка,,ru,2013.0,Книги Бахмана 2|Темная башня (АСТ) 0,397195,КИНГ,,СТИВЕН
Кинг,Стивен,,Долгая прогулка,ЛП,ru,,Книги Бахмана 2,569771,КИНГ,,СТИВЕН
Кинг,Стивен,,Долгий джонт,,ru,,Экипаж скелетов 6,186926,КИНГ,,СТИВЕН
Кинг,Стивен,,Долорес Клейборн,= Долорес Клэйборн,ru,2001.0,"Dolores Claiborne - ru (версии) 0|Кинг, Стивен. Романы 19|Стивен Кинг. Собрание сочинений 0",26735,КИНГ,,СТИВЕН
Кинг,Стивен,,Долорес Клейборн,,bg,,Stephen Kings Novels 32,213057,КИНГ,,СТИВЕН
Кинг,Стивен,,Долорес Клейборн,,ru,2012.0,"Dolores Claiborne - ru (версии) 0|Кинг, Стивен. Романы 19|Темная башня (АСТ) 0",397168,КИНГ,,СТИВЕН
Кинг,Стивен,,Долорес Клейборн,предисловие к роману,ru,1993.0,,503996,КИНГ,,СТИВЕН
Кинг,Стивен,,Долорес Клэйборн,,ru,1994.0,"Dolores Claiborne - ru (версии) 0|Кинг, Стивен. Романы 19",178901,КИНГ,,СТИВЕН
Кинг,Стивен,,Долорес Клэйборн,,ru,1995.0,"Dolores Claiborne - ru (версии) 0|Кинг, Стивен. Романы 19",178902,КИНГ,,СТИВЕН
Кинг,Стивен,,Дом зверя,,ru,,,402406,КИНГ,,СТИВЕН
Кинг,Стивен,,Дом на Кленовой улице,= Дом на Мейпл-Стрит,ru,2000.0,Ночные кошмары и фантастические видения 18,158209,КИНГ,,СТИВЕН
Кинг,Стивен,,Дом на повороте,"= Дом, который растет на вас",ru,,Ночные кошмары и фантастические видения 6,26738,КИНГ,,СТИВЕН
Кинг,Стивен,,"Дом, который растет на вас","= Дом на повороте, Центр притяжения",ru,1975.0,Ночные кошмары и фантастические видения 6,26736,КИНГ,,СТИВЕН
Кинг,Стивен,,Домашние роды,= Рожать придется дома,ru,,Ночные кошмары и фантастические видения 12,26739,КИНГ,,СТИВЕН
Кинг,Стивен,,Дорожные работы,,ru,2001.0,Книги Бахмана 3|Стивен Кинг. Собрание сочинений 0,295763,КИНГ,,СТИВЕН
Кинг,Стивен,,Дорожные работы,,ru,2013.0,Книги Бахмана 3|Темная башня (АСТ) 0,397196,КИНГ,,СТИВЕН
Кинг,Стивен,,Дорожный ужас прёт на север,,ru,1999.0,Все предельно 9|Стивен Кинг. Собрание сочинений 0,26742,КИНГ,,СТИВЕН
Кинг,Стивен,,Другая сторона тумана,,ru,1960.0,"Люди, места и вещи, том 1 6",26743,КИНГ,,СТИВЕН
Кинг,Стивен,,Другият,bg,bg,2019.0,,656538,КИНГ,,СТИВЕН
Кинг,Стивен,,Дружество „Отказване с гаранция“,,bg,,Нощна смяна 14,213058,КИНГ,,СТИВЕН
Кинг,Стивен,,Дума Ки,,bg,,Stephen Kings Novels 52,213059,КИНГ,,СТИВЕН
Кинг,Стивен,,Дъждовен сезон,,bg,,Кошмари и съновидения 13,213062,КИНГ,,СТИВЕН
Кинг,Стивен,,Дългата разходка,,bg,,Richard Bachman 2,213061,КИНГ,,СТИВЕН
Кинг,Стивен,,Дьюма-Ки,,ru,2009.0,"Кинг, Стивен. Романы 32|Темная башня (АСТ) 0",397215,КИНГ,,СТИВЕН
Кинг,Стивен,,Дьюма-Ки,,ru,2011.0,"Кинг, Стивен. Романы 32",425992,КИНГ,,СТИВЕН
Кинг,Стивен,,Дьявольская сила,сборник,ru,1993.0,FATUM. Мистика 0|Антология ужасов 1993,259887,КИНГ,,СТИВЕН
Кинг,Стивен,,Дюна,,ru,,Ярмарка дурных снов [сборник] 4,289306,КИНГ,,СТИВЕН
Кинг,Стивен,,Дяволски оркестър,,bg,,Кошмари и съновидения 11,213056,КИНГ,,СТИВЕН
Кинг,Стивен,,Если она кровоточит,сборник,ru,2020.0,"Кинг, Стивен. Сборники 0",594363,КИНГ,,СТИВЕН
Кинг,Стивен,,Жената в стаята,,bg,,Нощна смяна 20,213172,КИНГ,,СТИВЕН
Кинг,Стивен,,Женщина в комнате,= Женщина в палате,ru,1978.0,Ночная смена 20|Стивен Кинг. Собрание сочинений 0,26920,КИНГ,,СТИВЕН
Кинг,Стивен,,Жизнь после смерти,,ru,,,400934,КИНГ,,СТИВЕН
Кинг,Стивен,,Жизнь Чака,,ru,2020.0,,589029,КИНГ,,СТИВЕН
Кинг,Стивен,,Жребий Иерусалима,= Поселение Иерусалим,ru,2000.0,Ночная смена 1|Стивен Кинг. Собрание сочинений 0,26921,КИНГ,,СТИВЕН
Кинг,Стивен,,Жребий Салема,,ru,2014.0,"Кинг, Стивен. Романы 2|Темная башня (АСТ) 0",357208,КИНГ,,СТИВЕН
Кинг,Стивен,,За писането: Мемоари на занаята,,bg,,,213169,КИНГ,,СТИВЕН
Кинг,Стивен,,Завтрак в кафе «Готэм»,,ru,1995.0,Все предельно 10|Стивен Кинг. Собрание сочинений 0,140160,КИНГ,,СТИВЕН
Кинг,Стивен,,Загублена земля. Темна вежа III,,uk,2008.0,Темна вежа 3,294012,КИНГ,,СТИВЕН
Кинг,Стивен,,Заклятие параноика,,ru,1985.0,Экипаж скелетов 8,26912,КИНГ,,СТИВЕН
Кинг,Стивен,,Заклятие параноика (сборник),,ru,,,338175,КИНГ,,СТИВЕН
Кинг,Стивен,,Зала за аутопсии номер четири,,bg,,Всичко е съдбовно 1,213170,КИНГ,,СТИВЕН
Кинг,Стивен,,Замочные скважины,,ru,,Сборник редких рассказов 4,125838,КИНГ,,СТИВЕН
Кинг,Стивен,,Зарубежная фантастика из журнала «ЮНЫЙ ТЕХНИК» 1976-1989,,ru,2019.0,Антология фантастики 1989|Фантастика «ЮТ» 3,549078,КИНГ,,СТИВЕН
Кинг,Стивен,,Здесь тоже водятся тигры,,ru,,Экипаж скелетов 2,410380,КИНГ,,СТИВЕН
Кинг,Стивен,,Здібний учень,UK,uk,1998.0,,574980,КИНГ,,СТИВЕН
Кинг,Стивен,,Зелена миля,,uk,2017.0,,506802,КИНГ,,СТИВЕН
Кинг,Стивен,,Зеленая Миля,,ru,1997.0,"Кинг, Стивен. Романы 22|Стивен Кинг. Собрание сочинений 0",246759,КИНГ,,СТИВЕН
Кинг,Стивен,,Зелёная Миля,ёфицировано,ru,1996.0,"Кинг, Стивен. Романы 22|Стивен Кинг. Собрание сочинений 0",261391,КИНГ,,СТИВЕН
Кинг,Стивен,,Зеленая миля,,ru,2014.0,"Кинг, Стивен. Романы 22|Темная башня (АСТ) 0",397205,КИНГ,,СТИВЕН
Кинг,Стивен,,Зеленият път,,bg,,Stephen Kings Novels 37,213171,КИНГ,,СТИВЕН
Кинг,Стивен,,Земляничная весна,= Мартовский Выползень,ru,1975.0,Ночная смена 11|Стивен Кинг. Собрание сочинений 0,26919,КИНГ,,СТИВЕН
Кинг,Стивен,,Зимняя сказка (Метод дыхания),,ru,,Четыре сезона [Стивен Кинг] 4,420845,КИНГ,,СТИВЕН
Кинг,Стивен,,Злокобен танц,,bg,,,433079,КИНГ,,СТИВЕН
Кинг,Стивен,,"Знаете, они классно играют",= Рок-н-ролл никогда не умрет,ru,,Ночные кошмары и фантастические видения 11,26923,КИНГ,,СТИВЕН
Кинг,Стивен,,Знам какво искаш,,bg,,Нощна смяна 15,213173,КИНГ,,СТИВЕН
Кинг,Стивен,,Зона покриття,,uk,2006.0,,568336,КИНГ,,СТИВЕН
Кинг,Стивен,,И пришёл Бука,,ru,1973.0,Ночная смена 6|Стивен Кинг. Собрание сочинений 0,26752,КИНГ,,СТИВЕН
Кинг,Стивен,,И се надигна Каин,,bg,,Skeleton Crew 4,213071,КИНГ,,СТИВЕН
Кинг,Стивен,,Игра Джералда,,ru,2005.0,"Кинг, Стивен. Романы 18|Стивен Кинг. Собрание сочинений 0",26754,КИНГ,,СТИВЕН
Кинг,Стивен,,Игра Джералда,,ru,2014.0,"Кинг, Стивен. Романы 18|Темная башня (АСТ) 0",397169,КИНГ,,СТИВЕН
Кинг,Стивен,,Игра Джеральда,,ru,1994.0,"Кинг, Стивен. Романы 18|Стивен Кинг. Собрание сочинений 0",382083,КИНГ,,СТИВЕН
Кинг,Стивен,,Играта на Джералд,,bg,,Stephen Kings Novels 33,213072,КИНГ,,СТИВЕН
Кинг,Стивен,,Иерусалемов Удел,,ru,2010.0,Некрономикон. Миры Говарда Лавкрафта 6|Ночная смена 1,445991,КИНГ,,СТИВЕН
Кинг,Стивен,,Избранные произведения. I том,компиляция,ru,2019.0,Компиляция 0|Моя большая книга 0,541515,КИНГ,,СТИВЕН
Кинг,Стивен,,Избранные произведения. II том,компиляция,ru,2019.0,Компиляция 0|Моя большая книга 0,541516,КИНГ,,СТИВЕН
Кинг,Стивен,,Избранные произведения. III том,компиляция,ru,2019.0,Компиляция 0|Моя большая книга 0,541517,КИНГ,,СТИВЕН
Кинг,Стивен,,Избранные произведения. IV том,компиляция,ru,2019.0,Компиляция 0|Моя большая книга 0,541518,КИНГ,,СТИВЕН
Кинг,Стивен,,Избранные произведения. V том,компиляция,ru,2019.0,Компиляция 0|Моя большая книга 0,541519,КИНГ,,СТИВЕН
Кинг,Стивен,,Избранные произведения. VI том,компиляция,ru,2019.0,Компиляция 0|Моя большая книга 0,541520,КИНГ,,СТИВЕН
Кинг,Стивен,,"Извинете, но не е грешка",,bg,,Кошмари и съновидения 15,213073,КИНГ,,СТИВЕН
Кинг,Стивен,,"Извините, номер верный",,ru,1993.0,Ночные кошмары и фантастические видения 15,26757,КИНГ,,СТИВЕН
Кинг,Стивен,,Извисяване,bg,bg,2018.0,,638429,КИНГ,,СТИВЕН
Кинг,Стивен,,Извлечение троих,,ru,1997.0,«Тёмная Башня» 2|Стивен Кинг. Собрание сочинений 0,257671,КИНГ,,СТИВЕН
Кинг,Стивен,,Иногда они возвращаются,,ru,1974.0,Ночная смена 10|Стивен Кинг. Собрание сочинений 0,26755,КИНГ,,СТИВЕН
Кинг,Стивен,,Институт,ЛП,ru,2019.0,,570642,КИНГ,,СТИВЕН
Кинг,Стивен,,Институт,ЛП,ru,2019.0,,570643,КИНГ,,СТИВЕН
Кинг,Стивен,,Институт,ЛП,ru,2019.0,,571032,КИНГ,,СТИВЕН
Кинг,Стивен,,Институт,litres,ru,2020.0,Темная башня (АСТ) 0,579782,КИНГ,,СТИВЕН
Кинг,Стивен,,Институтът,,bg,2019.0,,570978,КИНГ,,СТИВЕН
Кинг,Стивен,,Искатель. 1992. Выпуск №5,,ru,1992.0,Журнал «Искатель» 191,263659,КИНГ,,СТИВЕН
Кинг,Стивен,,Истории Хейвена,,ru,2000.0,Стивен Кинг. Собрание сочинений 0|Томминокеры 2,26756,КИНГ,,СТИВЕН
Кинг,Стивен,,История Лизи,,ru,2014.0,"Кинг, Стивен. Романы 31|Темная башня (АСТ) 0",418526,КИНГ,,СТИВЕН
Кинг,Стивен,,Исход (Том 1),"Противостояние, Армагеддон. Полная  версия",ru,1995.0,Противостояние (Исход) 1|Стивен Кинг. Собрание сочинений 0,226149,КИНГ,,СТИВЕН
Кинг,Стивен,,Исход (Том 2),"Противостояние, Армагеддон. Полная версия",ru,1995.0,Противостояние (Исход) 2|Стивен Кинг. Собрание сочинений 0,229205,КИНГ,,СТИВЕН
Кинг,Стивен,,Інститут,,uk,2020.0,,590618,КИНГ,,СТИВЕН
Кинг,Стивен,,Історія Лізі,,uk,2007.0,,424238,КИНГ,,СТИВЕН
Кинг,Стивен,,Кадж,=Куджо,ru,,"Кинг, Стивен. Романы 7",26763,КИНГ,,СТИВЕН
Кинг,Стивен,,Кадилакът на Долан,,bg,,Кошмари и съновидения 1,213075,КИНГ,,СТИВЕН
Кинг,Стивен,,Как писать книги. Мемуары о ремесле,,ru,,,356901,КИНГ,,СТИВЕН
Кинг,Стивен,,Камионите,,bg,,Нощна смяна 9,213076,КИНГ,,СТИВЕН
Кинг,Стивен,,Камионът на чичо Ото,,bg,,Skeleton Crew 17,213077,КИНГ,,СТИВЕН
Кинг,Стивен,,Капан за сънища,,bg,,Stephen Kings Novels 44,213078,КИНГ,,СТИВЕН
Кинг,Стивен,,Карниз,= Пари,ru,1976.0,Ночная смена 12|Стивен Кинг. Собрание сочинений 0,26765,КИНГ,,СТИВЕН
Кинг,Стивен,,Катаясь на «Пуле»,,ru,,Все предельно 13,26766,КИНГ,,СТИВЕН
Кинг,Стивен,,Кери,,bg,,Stephen Kings Novels 1,213079,КИНГ,,СТИВЕН
Кинг,Стивен,,Керрі,,uk,2018.0,,533670,КИНГ,,СТИВЕН
Кинг,Стивен,,Кинь палити!,,uk,1978.0,Нічна зміна 0,215101,КИНГ,,СТИВЕН
Кинг,Стивен,,Кінець зміни,,uk,2016.0,Трилогія Білла Ходжеса 3,466643,КИНГ,,СТИВЕН
Кинг,Стивен,,Кладбище домашних животных,,ru,2000.0,"Кинг, Стивен. Романы 9|Стивен Кинг. Собрание сочинений 0",131232,КИНГ,,СТИВЕН
Кинг,Стивен,,Кладбище домашних животных,,ru,1993.0,"Кинг, Стивен. Романы 9|Мастера остросюжетной мистики 3",316403,КИНГ,,СТИВЕН
Кинг,Стивен,,Кладбище домашних животных,,ru,2012.0,"Кинг, Стивен. Романы 9|Стивен Кинг. Собрание сочинений 0|Темная башня (АСТ) 0",318235,КИНГ,,СТИВЕН
Кинг,Стивен,,Кладбище домашних животных,litres,ru,2016.0,КИНО!! 0,583311,КИНГ,,СТИВЕН
Кинг,Стивен,,Кладовище домашніх тварин ,,uk,2015.0,,425361,КИНГ,,СТИВЕН
Кинг,Стивен,,КлаТбище домашних жЫвотных,,ru,2016.0,"Кинг, Стивен. Романы 9|Темная башня (АСТ) 0",439345,КИНГ,,СТИВЕН
Кинг,Стивен,,Клацающие зубы,,ru,1992.0,Ночные кошмары и фантастические видения 7,236810,КИНГ,,СТИВЕН
Кинг,Стивен,,Клетка,,bg,,Stephen Kings Novels 49,213080,КИНГ,,СТИВЕН
Кинг,Стивен,,Книга ужасов,антология,ru,2015.0,Антология ужасов 2015|Темная башня (АСТ) 0,421744,КИНГ,,СТИВЕН
Кинг,Стивен,,Книги Бахмана,,ru,2017.0,Книги Бахмана 0|Шедевры фантастики (продолжатели) 0,498673,КИНГ,,СТИВЕН
Кинг,Стивен,,Колдун и кристалл,,ru,2008.0,«Тёмная Башня» 4|Стивен Кинг. Собрание сочинений 0,543917,КИНГ,,СТИВЕН
Кинг,Стивен,,Коли впаде темрява,,uk,2009.0,,429125,КИНГ,,СТИВЕН
Кинг,Стивен,,Коллекция детективов газеты «Совершенно СЕКРЕТНО» 2012,компиляция,ru,,Антология детектива 0|Коллекция детективов газеты «Совершенно СЕКРЕТНО» 2012,313333,КИНГ,,СТИВЕН
Кинг,Стивен,,Коллекция трупов,,ru,1992.0,"Кинг, Стивен. Сборники 0|Мастера остросюжетной мистики 1",589027,КИНГ,,СТИВЕН
Кинг,Стивен,,Колорадеца,,bg,,,213081,КИНГ,,СТИВЕН
Кинг,Стивен,,Кольцо,,ru,,,400474,КИНГ,,СТИВЕН
Кинг,Стивен,,Команда скелетов,,ru,2008.0,"Кинг, Стивен. Авторские сборники рассказов 3|Стивен Кинг. Собрание сочинений 0",247292,КИНГ,,СТИВЕН
Кинг,Стивен,,Команда скелетов,"litres, сборник",ru,2017.0,"Кинг, Стивен. Авторские сборники рассказов 3|Темная башня (АСТ) 0",503368,КИНГ,,СТИВЕН
Кинг,Стивен,,Команда скелетов (Экипаж скелетов),Сборник,ru,,"Кинг, Стивен. Авторские сборники рассказов 3",67232,КИНГ,,СТИВЕН
Кинг,Стивен,,Комментарии к «После заката»,,ru,2011.0,Сразу после заката 0,230882,КИНГ,,СТИВЕН
Кинг,Стивен,,Компьютер богов,,ru,,Экипаж скелетов 10,589281,КИНГ,,СТИВЕН
Кинг,Стивен,,Компютърът на боговете,,bg,,Skeleton Crew 10,213082,КИНГ,,СТИВЕН
Кинг,Стивен,,Конец всей этой мерзости,,ru,1997.0,Ночные кошмары и фантастические видения 2|Стивен Кинг. Собрание сочинений 0,26774,КИНГ,,СТИВЕН
Кинг,Стивен,,Конец смены,ЛП,ru,2016.0,"Кинг, Стивен. Романы 40|Трилогия Билла Ходжеса 3",479033,КИНГ,,СТИВЕН
Кинг,Стивен,,"Корабль, сокрытый в земле",,ru,2000.0,Томминокеры 1,26775,КИНГ,,СТИВЕН
Кинг,Стивен,,Корпорация «Бросайте курить»,,ru,1978.0,Ночная смена 14|Стивен Кинг. Собрание сочинений 0,67234,КИНГ,,СТИВЕН
Кинг,Стивен,,Корпорация «Бросайте курить» (сборник),,ru,2000.0,Ночная смена 0|Стивен Кинг. Собрание сочинений 0,337628,КИНГ,,СТИВЕН
Кинг,Стивен,,Костел из костей,,ru,,Ярмарка дурных снов [сборник] 7,300940,КИНГ,,СТИВЕН
Кинг,Стивен,,Кошачье кладбище,,ru,1993.0,"Кинг, Стивен. Романы 9",176748,КИНГ,,СТИВЕН
Кинг,Стивен,,Країна розваг,,uk,2014.0,,371712,КИНГ,,СТИВЕН
Кинг,Стивен,,Край на дежурството,,bg,2017.0,Бил Ходжис 3,477343,КИНГ,,СТИВЕН
Кинг,Стивен,,Красный экран,ЛП,ru,2021.0,,648858,КИНГ,,СТИВЕН
Кинг,Стивен,,Кратчайший путь для Миссис Тодд,,ru,,Экипаж скелетов 5,410390,КИНГ,,СТИВЕН
Кинг,Стивен,,Крауч Енд,,bg,,Кошмари и съновидения 17,213084,КИНГ,,СТИВЕН
Кинг,Стивен,,Крауч-энд,,ru,,Ночные кошмары и фантастические видения 17,26779,КИНГ,,СТИВЕН
Кинг,Стивен,,Крауч-Энд (сборник),,ru,2009.0,Ночные кошмары и фантастические видения 0|Стивен Кинг. Собрание сочинений 0,304637,КИНГ,,СТИВЕН
Кинг,Стивен,,Краят на цялата бъркотия,,bg,,Кошмари и съновидения 2,213083,КИНГ,,СТИВЕН
Кинг,Стивен,,Кристин,,bg,,Stephen Kings Novels 16,213085,КИНГ,,СТИВЕН
Кинг,Стивен,,Кристина,,ru,2000.0,"Кинг, Стивен. Романы 8|Стивен Кинг. Собрание сочинений 0|Темная башня (АСТ) 0",140283,КИНГ,,СТИВЕН
Кинг,Стивен,,Кристина,,ru,1993.0,"Кинг, Стивен. Романы 8|Мастера остросюжетной мистики 11",518953,КИНГ,,СТИВЕН
Кинг,Стивен,,Кристина,,ru,2019.0,"Кинг, Стивен. Романы 8|Темная башня (АСТ) 0",606819,КИНГ,,СТИВЕН
Кинг,Стивен,,Крізь час. Темна Вежа II,,uk,2007.0,Темна вежа 2,242529,КИНГ,,СТИВЕН
Кинг,Стивен,,Крістіна,,uk,2017.0,,480372,КИНГ,,СТИВЕН
Кинг,Стивен,,Кроссовки,,ru,,Ночные кошмары и фантастические видения 10,182545,КИНГ,,СТИВЕН
Кинг,Стивен,,Круг оборотня,иллюстрации,ru,1993.0,"Кинг, Стивен. Романы 10",285226,КИНГ,,СТИВЕН
Кинг,Стивен,,Крыса,,ru,2020.0,,589030,КИНГ,,СТИВЕН
Кинг,Стивен,,Крыса,,ru,,,656254,КИНГ,,СТИВЕН
Кинг,Стивен,,"Кто нашел, берет себе",,ru,2015.0,"Кинг, Стивен. Романы 39|Темная башня (АСТ) 0|Трилогия Билла Ходжеса 2",427661,КИНГ,,СТИВЕН
Кинг,Стивен,,Куджо,,ru,1997.0,"Кинг, Стивен. Романы 7|Стивен Кинг. Собрание сочинений 0",185941,КИНГ,,СТИВЕН
Кинг,Стивен,,Куджо,,bg,,Stephen Kings Novels 9,213086,КИНГ,,СТИВЕН
Кинг,Стивен,,Куджо,,uk,2017.0,,495196,КИНГ,,СТИВЕН
Кинг,Стивен,,Куджо,сборник,ru,1993.0,"Кинг, Стивен. Сборники 0|Мастера остросюжетной мистики 8",589025,КИНГ,,СТИВЕН
Кинг,Стивен,,Куджо. Цикл оборотня,сборник,ru,2015.0,"Кинг, Стивен. Сборники 0|Темная башня (АСТ) 0",454372,КИНГ,,СТИВЕН
Кинг,Стивен,,Кусачие зубы,= Щелкун,ru,,Ночные кошмары и фантастические видения 7,26784,КИНГ,,СТИВЕН
Кинг,Стивен,,Къщата на улица „Мейпъл“,,bg,,Кошмари и съновидения 18,213087,КИНГ,,СТИВЕН
Кинг,Стивен,,Кэрри,,ru,2012.0,"Кинг, Стивен. Романы 1|Темная башня (АСТ) 0",397211,КИНГ,,СТИВЕН
Кинг,Стивен,,Лавка дурных снов,,ru,2016.0,"Кинг, Стивен. Авторские сборники рассказов 8|Темная башня (АСТ) 0",448210,КИНГ,,СТИВЕН
Кинг,Стивен,,Ланголиерите,,bg,,Четири след полунощ 1,213088,КИНГ,,СТИВЕН
Кинг,Стивен,,Лангольеры,,ru,2003.0,Четыре после полуночи 1,201727,КИНГ,,СТИВЕН
Кинг,Стивен,,Лангольеры,,ru,2007.0,Четыре после полуночи 1,265900,КИНГ,,СТИВЕН
Кинг,Стивен,,Лангольеры,,ru,1993.0,Лангольеры (версии) 0|Мастера остросюжетной мистики 6,589024,КИНГ,,СТИВЕН
Кинг,Стивен,,Легенды,антология,ru,1999.0,Антология фантастики 1999|Золотая серия фэнтези 0,382512,КИНГ,,СТИВЕН
Кинг,Стивен,,Лепрекон,,ru,,Сборник редких рассказов 5,125839,КИНГ,,СТИВЕН
Кинг,Стивен,,Летать или бояться,,ru,2019.0,Антология фантастики 2019|Вселенная Стивена Кинга 0,560154,КИНГ,,СТИВЕН
Кинг,Стивен,,Летающий в ночи,,ru,,Ночные кошмары и фантастические видения 4,67249,КИНГ,,СТИВЕН
Кинг,Стивен,,Летний гром,,ru,2013.0,Ярмарка дурных снов [сборник] 20,400171,КИНГ,,СТИВЕН
Кинг,Стивен,,Лицо в толпе,,ru,2012.0,,296343,КИНГ,,СТИВЕН
Кинг,Стивен,,Ловец снов,,ru,2010.0,"Кинг, Стивен. Романы 26|Темная башня (АСТ) 0",397178,КИНГ,,СТИВЕН
Кинг,Стивен,,Ловець снів,,uk,2016.0,,472803,КИНГ,,СТИВЕН
Кинг,Стивен,,Лори,,ru,2018.0,,521903,КИНГ,,СТИВЕН
Кинг,Стивен,,Лори,litres,ru,2019.0,,556982,КИНГ,,СТИВЕН
Кинг,Стивен,,"Лучшее за год 2005. Мистика, магический реализм, фэнтези",антология,ru,2005.0,Антология ужасов 2005|Лучшее за год 2005,216549,КИНГ,,СТИВЕН
Кинг,Стивен,,"Люди, места и вещи (сборник рассказов)",,ru,1960.0,"Кинг, Стивен. Авторские сборники рассказов 1",558916,КИНГ,,СТИВЕН
Кинг,Стивен,,Мiстер Мерседес,,uk,2014.0,Трилогія Білла Ходжеса 1,429127,КИНГ,,СТИВЕН
Кинг,Стивен,,Магьосникът,,bg,2010.0,the dark tower 4|Тъмната кула 4,411336,КИНГ,,СТИВЕН
Кинг,Стивен,,Маймуната,,bg,,Skeleton Crew 3,213089,КИНГ,,СТИВЕН
Кинг,Стивен,,Маленький зеленый бог агонии,,ru,,Ярмарка дурных снов [сборник] 16,299233,КИНГ,,СТИВЕН
Кинг,Стивен,,Малко след залеза,,bg,,,416138,КИНГ,,СТИВЕН
Кинг,Стивен,,Мареновая роза,= Роза Марена,ru,1996.0,"Кинг, Стивен. Романы 21|Стивен Кинг. Собрание сочинений 0",249376,КИНГ,,СТИВЕН
Кинг,Стивен,,Мартовский Выползень,= Земляничная весна,ru,2000.0,Ночная смена 11|Стивен Кинг. Собрание сочинений 0,26793,КИНГ,,СТИВЕН
Кинг,Стивен,,Мертва зона,,uk,1988.0,,420771,КИНГ,,СТИВЕН
Кинг,Стивен,,Мёртвая зона,другой перевод,ru,1992.0,"Кинг, Стивен. Романы 5",26798,КИНГ,,СТИВЕН
Кинг,Стивен,,Мёртвая зона,,ru,2012.0,"Кинг, Стивен. Романы 5|Темная башня (АСТ) 0",397210,КИНГ,,СТИВЕН
Кинг,Стивен,,Метод дыхания,,ru,2000.0,Четыре сезона [Стивен Кинг] 4,365901,КИНГ,,СТИВЕН
Кинг,Стивен,,Мешок с костями,,ru,2003.0,"Кинг, Стивен. Романы 24|Стивен Кинг. Собрание сочинений 0",420841,КИНГ,,СТИВЕН
Кинг,Стивен,,Мизери,,ru,2012.0,"Кинг, Стивен. Романы 14|Темная башня (АСТ) 0",397170,КИНГ,,СТИВЕН
Кинг,Стивен,,Мизери (пьеса Саймона Мура),,ru,,,427477,КИНГ,,СТИВЕН
Кинг,Стивен,,Мизъри,,bg,,Stephen Kings Novels 22,213090,КИНГ,,СТИВЕН
Кинг,Стивен,,Мистер Вкусняшка [=Мистер Вкусненький],,ru,,Ярмарка дурных снов [сборник] 14,428158,КИНГ,,СТИВЕН
Кинг,Стивен,,Мистер Мерседес,,ru,2014.0,"Кинг, Стивен. Романы 37|Темная башня (АСТ) 0|Трилогия Билла Ходжеса 1",379612,КИНГ,,СТИВЕН
Кинг,Стивен,,Мистър Мерцедес,,bg,2014.0,Бил Ходжис 1,438741,КИНГ,,СТИВЕН
Кинг,Стивен,,"Миф, убеждение, вера и «Хочешь верь, хочешь нет». Предисловие к сборнику «Кошмары и фантазии»",,ru,1992.0,Ночные кошмары и фантастические видения 0,218361,КИНГ,,СТИВЕН
Кинг,Стивен,,Мифы Ктулху,,ru,2010.0,Антология ужасов 2010|Мифы Ктулху 0|Некрономикон. Миры Говарда Лавкрафта 6,308363,КИНГ,,СТИВЕН
Кинг,Стивен,,Мізері,,uk,2016.0,,475557,КИНГ,,СТИВЕН
Кинг,Стивен,,Містер Мерседес,,uk,2014.0,,422784,КИНГ,,СТИВЕН
Кинг,Стивен,,Мобильник,,ru,2006.0,"Кинг, Стивен. Романы 30|Темная башня (АСТ) 0",397207,КИНГ,,СТИВЕН
Кинг,Стивен,,Моето хубаво пони,,bg,,Кошмари и съновидения 14,213091,КИНГ,,СТИВЕН
Кинг,Стивен,,Мозг Донована,,ru,,,503613,КИНГ,,СТИВЕН
Кинг,Стивен,,Мой милый пони,,ru,1988.0,Ночные кошмары и фантастические видения 14,26799,КИНГ,,СТИВЕН
Кинг,Стивен,,Молочник 1. Утренняя доставка,,ru,,Экипаж скелетов 18,67252,КИНГ,,СТИВЕН
Кинг,Стивен,,Молочник 2. Большие колеса: Забавы парней из прачечной,,ru,,Экипаж скелетов 19,67264,КИНГ,,СТИВЕН
Кинг,Стивен,,"Момичето, което обичаше Том Гордън",,bg,,Stephen Kings Novels 42,213092,КИНГ,,СТИВЕН
Кинг,Стивен,,Монстр,= Сияние,ru,,"Кинг, Стивен. Романы 3",26801,КИНГ,,СТИВЕН
Кинг,Стивен,,Мораль,,ru,,,226733,КИНГ,,СТИВЕН
Кинг,Стивен,,Моя маленькая зазубренная гарантия безопасности,,ru,,Сборник редких рассказов 9,125843,КИНГ,,СТИВЕН
Кинг,Стивен,,Музыкальная комната,,ru,2016.0,,468551,КИНГ,,СТИВЕН
Кинг,Стивен,,Мъглата,,bg,,Skeleton Crew 1,213093,КИНГ,,СТИВЕН
Кинг,Стивен,,Мъртвата зона,,bg,,Stephen Kings Novels 6,213094,КИНГ,,СТИВЕН
Кинг,Стивен,,Мясорубка,= Давилка,ru,2005.0,Мировая классика 0|Ночная смена 5,158206,КИНГ,,СТИВЕН
Кинг,Стивен,,Н.,,ru,2011.0,Сразу после заката 8,504064,КИНГ,,СТИВЕН
Кинг,Стивен,,На выгодных условиях,,ru,,"Тьма, — и больше ничего 3",504079,КИНГ,,СТИВЕН
Кинг,Стивен,,На подъеме,,ru,2018.0,Вселенная Стивена Кинга 0,537957,КИНГ,,СТИВЕН
Кинг,Стивен,,На пороге смерти,,ru,,,26803,КИНГ,,СТИВЕН
Кинг,Стивен,,На посошок,,ru,1978.0,Ночная смена 19|Стивен Кинг. Собрание сочинений 0,26804,КИНГ,,СТИВЕН
Кинг,Стивен,,На Слайд-Инн-Роуд,calibre 4.99.5,ru,2020.0,,608599,КИНГ,,СТИВЕН
Кинг,Стивен,,На солнце или в тени,litres] [антология,ru,2017.0,Антология ужасов 2017|Темная башня (АСТ) 0,505356,КИНГ,,СТИВЕН
Кинг,Стивен,,Начин за оцеляване,,bg,,Skeleton Crew 16,213096,КИНГ,,СТИВЕН
Кинг,Стивен,,Начин на дишане (Зимна приказка),,bg,,Особени сезони 4,213095,КИНГ,,СТИВЕН
Кинг,Стивен,,Не выношу маленьких детей,= Детки в клетке,ru,,Ночные кошмары и фантастические видения 3,26805,КИНГ,,СТИВЕН
Кинг,Стивен,,Недомогающая,,ru,2011.0,"Full Dark, No Stars 5|Тьма, — и больше ничего 5",328265,КИНГ,,СТИВЕН
Кинг,Стивен,,Незнакомец,,ru,1960.0,"Люди, места и вещи, том 1 4",26811,КИНГ,,СТИВЕН
Кинг,Стивен,,Неизживени спомени,,bg,,Stephen Kings Novels 30,213097,КИНГ,,СТИВЕН
Кинг,Стивен,,Неисправимый говорит,,ru,,,504049,КИНГ,,СТИВЕН
Кинг,Стивен,,Некрологи,,ru,2015.0,Ярмарка дурных снов [сборник] 18,428883,КИНГ,,СТИВЕН
Кинг,Стивен,,Немой,,ru,2007.0,Сразу после заката 11,182750,КИНГ,,СТИВЕН
Кинг,Стивен,,Необхідні речі,,uk,2021.0,,640298,КИНГ,,СТИВЕН
Кинг,Стивен,,Необходимые вещи,= Нужные вещи,ru,1993.0,"Кинг, Стивен. Романы 17|Стивен Кинг. Собрание сочинений 0",463867,КИНГ,,СТИВЕН
Кинг,Стивен,,Несущая огонь,= Воспламеняющая взглядом,ru,2003.0,"Кинг, Стивен. Романы 6|Стивен Кинг. Собрание сочинений 0",182988,КИНГ,,СТИВЕН
Кинг,Стивен,,Несущая огонь,,ru,1994.0,"Кинг, Стивен. Романы 6",413739,КИНГ,,СТИВЕН
Кинг,Стивен,,Несущий смерть,,ru,2007.0,Четыре после полуночи 4,331441,КИНГ,,СТИВЕН
Кинг,Стивен,,Нечто серое,= Серая дрянь,ru,1973.0,Ночная смена 7|Стивен Кинг. Собрание сочинений 0,26806,КИНГ,,СТИВЕН
Кинг,Стивен,,Низкие люди в желтых плащах,,ru,2010.0,Сердца в Атлантиде 1|Темная башня (АСТ) 0,203591,КИНГ,,СТИВЕН
Кинг,Стивен,,Никогда не оглядывайся,,ru,1960.0,"Люди, места и вещи, том 1 7",26812,КИНГ,,СТИВЕН
Кинг,Стивен,,Нищий и алмаз,,ru,,Ночные кошмары и фантастические видения 23,26813,КИНГ,,СТИВЕН
Кинг,Стивен,,Новая книга ужасов,"litres, сборник",ru,2017.0,Антология ужасов 2017|Темная башня (АСТ) 0,492048,КИНГ,,СТИВЕН
Кинг,Стивен,,Нона,bg,bg,,Skeleton Crew 14,213098,КИНГ,,СТИВЕН
Кинг,Стивен,,Нона,,ru,,Экипаж скелетов 14,410404,КИНГ,,СТИВЕН
Кинг,Стивен,,Ночная смена,Сборник,ru,2007.0,"Кинг, Стивен. Авторские сборники рассказов 2|Стивен Кинг. Собрание сочинений 0",150733,КИНГ,,СТИВЕН
Кинг,Стивен,,Ночная смена,,ru,1970.0,"Кинг, Стивен. Авторские сборники рассказов 2|Ночная смена 2|Стивен Кинг. Собрание сочинений 0",327754,КИНГ,,СТИВЕН
Кинг,Стивен,,Ночная смена,,ru,2007.0,"Кинг, Стивен. Авторские сборники рассказов 2|Стивен Кинг. Собрание сочинений 0",334229,КИНГ,,СТИВЕН
Кинг,Стивен,,Ночная смена,сборник,ru,2012.0,"Зарубежная классика (АСТ) 0|Кинг, Стивен. Авторские сборники рассказов 2",505067,КИНГ,,СТИВЕН
Кинг,Стивен,,Ночная смена,сборник,ru,2015.0,"Кинг, Стивен. Авторские сборники рассказов 2|Темная башня (АСТ) 0",518707,КИНГ,,СТИВЕН
Кинг,Стивен,,Ночная смена,,ru,2007.0,"Кинг, Стивен. Авторские сборники рассказов 2|Ночная смена 2|Стивен Кинг. Собрание сочинений 0",705269,КИНГ,,СТИВЕН
Кинг,Стивен,,Ночной летун,= Летающий в ночи,ru,,Ночные кошмары и фантастические видения 4,26816,КИНГ,,СТИВЕН
Кинг,Стивен,,Ночной прибой,,ru,1974.0,Ночная смена 3|Стивен Кинг. Собрание сочинений 0,26817,КИНГ,,СТИВЕН
Кинг,Стивен,,Ночные кошмары и сновидения,,ru,2006.0,"Кинг, Стивен. Авторские сборники рассказов 4|Стивен Кинг. Собрание сочинений 0",247294,КИНГ,,СТИВЕН
Кинг,Стивен,,Ночные кошмары и фантастические видения,сборник повестей и рассказов,ru,1997.0,"Кинг, Стивен. Авторские сборники рассказов 4|Стивен Кинг. Собрание сочинений 0",67226,КИНГ,,СТИВЕН
Кинг,Стивен,,Ночные кошмары и фантастические видения,"сборник, litres",ru,2017.0,"Кинг, Стивен. Авторские сборники рассказов 4|Король на все времена 0",505038,КИНГ,,СТИВЕН
Кинг,Стивен,,Ночь тигра,,ru,,,300938,КИНГ,,СТИВЕН
Кинг,Стивен,,Нощен прибой,,bg,,Нощна смяна 3,213099,КИНГ,,СТИВЕН
Кинг,Стивен,,Нощна смяна,,bg,,Нощна смяна 2,213100,КИНГ,,СТИВЕН
Кинг,Стивен,,Нощният авиатор,,bg,,Кошмари и съновидения 4,213101,КИНГ,,СТИВЕН
Кинг,Стивен,,Нужные вещи,,ru,1993.0,"Кинг, Стивен. Романы 17|Стивен Кинг. Собрание сочинений 0",217180,КИНГ,,СТИВЕН
Кинг,Стивен,,Нужные вещи,,ru,2010.0,"Кинг, Стивен. Романы 17|Темная башня (АСТ) 0",397208,КИНГ,,СТИВЕН
Кинг,Стивен,,НФ: Альманах научной фантастики. Выпуск 30,,ru,1985.0,Антология фантастики 1985|НФ: альманах научной фантастики 30,171909,КИНГ,,СТИВЕН
Кинг,Стивен,,НФ: Альманах научной фантастики. Выпуск 30,,ru,1985.0,НФ: альманах научной фантастики 30,655299,КИНГ,,СТИВЕН
Кинг,Стивен,,Обезьяна,,ru,,Экипаж скелетов 3,410391,КИНГ,,СТИВЕН
Кинг,Стивен,,"Обід у кав'ярні ""Готем""",,uk,2003.0,,383957,КИНГ,,СТИВЕН
Кинг,Стивен,,Обратная связь,Антология,ru,1990.0,Антология фантастики 1990|Зарубежная фантастика (изд-во «Мир») 1990,134144,КИНГ,,СТИВЕН
Кинг,Стивен,,Обяд в ресторант „Готам“,,bg,,Всичко е съдбовно 10,213102,КИНГ,,СТИВЕН
Кинг,Стивен,,Онази с косата,,bg,,Skeleton Crew 13,213104,КИНГ,,СТИВЕН
Кинг,Стивен,,Оно,,ru,1999.0,"Кинг, Стивен. Романы 12|Стивен Кинг. Собрание сочинений 0",143941,КИНГ,,СТИВЕН
Кинг,Стивен,,ОНО,,ru,1994.0,Оно 0,176734,КИНГ,,СТИВЕН
Кинг,Стивен,,ОНО,,ru,1993.0,Оно 0,194637,КИНГ,,СТИВЕН
Кинг,Стивен,,ОНО,,ru,1993.0,"Кинг, Стивен. Романы 12|Мастера остросюжетной мистики 13",236273,КИНГ,,СТИВЕН
Кинг,Стивен,,Оно,,ru,2011.0,"Кинг, Стивен. Романы 12|Король на все времена 0",417482,КИНГ,,СТИВЕН
Кинг,Стивен,,"Онова чувство, което се изразява само на френски",,bg,,Всичко е съдбовно 11,213105,КИНГ,,СТИВЕН
Кинг,Стивен,,Опусти голову - и вперед!,,ru,1991.0,Ночные кошмары и фантастические видения 22,67230,КИНГ,,СТИВЕН
Кинг,Стивен,,Оставшийся в живых,"= Тот, кто хочет выжить",ru,1982.0,Экипаж скелетов 16,121095,КИНГ,,СТИВЕН
Кинг,Стивен,,Острів Дума,,uk,2008.0,,429124,КИНГ,,СТИВЕН
Кинг,Стивен,,Отель у конца дороги,,ru,1960.0,"Люди, места и вещи, том 1 1",26826,КИНГ,,СТИВЕН
Кинг,Стивен,,Откровения Беки Полсон,,ru,,Сборник редких рассказов 10,125835,КИНГ,,СТИВЕН
Кинг,Стивен,,Отмъстителите,,bg,,Град Отчаяние/Отмъстителите 0,213065,КИНГ,,СТИВЕН
Кинг,Стивен,,Отражение смерти,,ru,,Экипаж скелетов 13,410392,КИНГ,,СТИВЕН
Кинг,Стивен,,Отряд Д,,ru,1978.0,,498946,КИНГ,,СТИВЕН
Кинг,Стивен,,Оуэну,,ru,1985.0,Экипаж скелетов 15,26829,КИНГ,,СТИВЕН
Кинг,Стивен,,Очите на дракона,,bg,,Stephen Kings Novels 18,213103,КИНГ,,СТИВЕН
Кинг,Стивен,,Память,,ru,,,154211,КИНГ,,СТИВЕН
Кинг,Стивен,,Параноично: Песен,,bg,,Skeleton Crew 8,216161,КИНГ,,СТИВЕН
Кинг,Стивен,,Парень из Колорадо,,ru,,"Кинг, Стивен. Романы 29",284368,КИНГ,,СТИВЕН
Кинг,Стивен,,Парень из Колорадо,,ru,2015.0,"Кинг, Стивен. Романы 29|Темная башня (АСТ) 0",394294,КИНГ,,СТИВЕН
Кинг,Стивен,,Паровозик Чарли Чу-Чу,,ru,2016.0,,498945,КИНГ,,СТИВЕН
Кинг,Стивен,,Первосортная гармония,,ru,,Ярмарка дурных снов [сборник] 2,333360,КИНГ,,СТИВЕН
Кинг,Стивен,,Перед грою,calibre 5.28.0,uk,1982.0,Денні Торранс 0,644516,КИНГ,,СТИВЕН
Кинг,Стивен,,Перед игрой,,ru,1982.0,,379460,КИНГ,,СТИВЕН
Кинг,Стивен,,Перед игрой,"пролог к роману ""Сияние""",ru,2021.0,,632018,КИНГ,,СТИВЕН
Кинг,Стивен,,Перекурщики,,ru,,Ночные кошмары и фантастические видения 16,26833,КИНГ,,СТИВЕН
Кинг,Стивен,,Переслідуваний,,uk,1991.0,,420772,КИНГ,,СТИВЕН
Кинг,Стивен,,Песента на Сузана,,bg,2004.0,the dark tower 6|Тъмната кула 6,411334,КИНГ,,СТИВЕН
Кинг,Стивен,,Песнь Сюзанны,,ru,,«Тёмная Башня» 6|Стивен Кинг. Черная серия 0,328274,КИНГ,,СТИВЕН
Кинг,Стивен,,Песнь Сюзанны,litres,ru,2007.0,«Тёмная Башня» 6|Темная башня (АСТ) 0,543919,КИНГ,,СТИВЕН
Кинг,Стивен,,Петата четвъртина,,bg,,Кошмари и съновидения 19,213107,КИНГ,,СТИВЕН
Кинг,Стивен,,"Петачето, което носи късмет",,bg,,Всичко е съдбовно 14,213106,КИНГ,,СТИВЕН
Кинг,Стивен,,Під куполом,,uk,2009.0,Світові бестселери українською 0,231101,КИНГ,,СТИВЕН
Кинг,Стивен,,Пісня Сюзанни. Темна вежа VI ,,uk,2010.0,Темна вежа 6,446613,КИНГ,,СТИВЕН
Кинг,Стивен,,Плажен свят,,bg,,Skeleton Crew 12,213108,КИНГ,,СТИВЕН
Кинг,Стивен,,Плесо,,uk,2016.0,,497299,КИНГ,,СТИВЕН
Кинг,Стивен,,Плот,,ru,1982.0,Экипаж скелетов 9,410406,КИНГ,,СТИВЕН
Кинг,Стивен,,Плохой мальчишка,,ru,,Ярмарка дурных снов [сборник] 5,373497,КИНГ,,СТИВЕН
Кинг,Стивен,,Плющ,Растение (части 1-4),ru,2014.0,,381185,КИНГ,,СТИВЕН
Кинг,Стивен,,Пляж,,ru,2003.0,Экипаж скелетов 12,178998,КИНГ,,СТИВЕН
Кинг,Стивен,,Пляска смерти,,ru,,,26837,КИНГ,,СТИВЕН
Кинг,Стивен,,По дорозі біля трактиру.,calibre 5.28.0,uk,2020.0,,644416,КИНГ,,СТИВЕН
Кинг,Стивен,,По едно за из път,,bg,,Нощна смяна 19,213109,КИНГ,,СТИВЕН
Кинг,Стивен,,По перваза,,bg,,Нощна смяна 12,213110,КИНГ,,СТИВЕН
Кинг,Стивен,,Побег из Шоушенка,,ru,,Четыре сезона [Стивен Кинг] 1,313221,КИНГ,,СТИВЕН
Кинг,Стивен,,Повна темрява. Без зірок,,uk,2011.0,,429122,КИНГ,,СТИВЕН
Кинг,Стивен,,Под купола (Том I),,bg,,,397914,КИНГ,,СТИВЕН
Кинг,Стивен,,Под купола (Том II),,bg,,,397913,КИНГ,,СТИВЕН
Кинг,Стивен,,Под купола 1 част,,bg,2010.0,,390287,КИНГ,,СТИВЕН
Кинг,Стивен,,Под купола 2,,bg,2010.0,,390285,КИНГ,,СТИВЕН
Кинг,Стивен,,Под куполом,"ЛП, ёфицировано",ru,2011.0,"Кинг, Стивен. Романы 33",260554,КИНГ,,СТИВЕН
Кинг,Стивен,,Под Куполом,HL,ru,2012.0,"Кинг, Стивен. Романы 33|Темная башня (АСТ) 0",268566,КИНГ,,СТИВЕН
Кинг,Стивен,,Под куполом (без карты),ЛП,ru,2009.0,"Кинг, Стивен. Романы 33",250018,КИНГ,,СТИВЕН
Кинг,Стивен,,Под Куполом. Том 1. Падают розовые звезды,litres,ru,2019.0,Король на все времена 0,581757,КИНГ,,СТИВЕН
Кинг,Стивен,,Под Куполом. Том 2. Шестое чувство,litres,ru,2019.0,Король на все времена 0,581758,КИНГ,,СТИВЕН
Кинг,Стивен,,Подпалвачката,,bg,,Stephen Kings Novels 8,213111,КИНГ,,СТИВЕН
Кинг,Стивен,,Позже,ЛП,ru,2021.0,,625845,КИНГ,,СТИВЕН
Кинг,Стивен,,Позже,litres,ru,2021.0,Темная башня (АСТ) 0,634234,КИНГ,,СТИВЕН
Кинг,Стивен,,Покушение,,ru,,,133929,КИНГ,,СТИВЕН
Кинг,Стивен,,Поле бою,,uk,1986.0,Нічна зміна 0,215109,КИНГ,,СТИВЕН
Кинг,Стивен,,Поле боя,= Сражение,ru,,Ночная смена 8|Стивен Кинг. Собрание сочинений 0,697010,КИНГ,,СТИВЕН
Кинг,Стивен,,Полицейский из библиотеки,= Библиотечная полиция,ru,,Четыре после полуночи 3,158901,КИНГ,,СТИВЕН
Кинг,Стивен,,"Полная тьма, ни одной звезды",,ru,2011.0,"Кинг, Стивен. Авторские сборники повестей 4",243896,КИНГ,,СТИВЕН
Кинг,Стивен,,Полный газ,ЛП,ru,2009.0,,296345,КИНГ,,СТИВЕН
Кинг,Стивен,,Полоса неба,,ru,1982.0,,379445,КИНГ,,СТИВЕН
Кинг,Стивен,,Понякога те се завръщат,,bg,,Нощна смяна 10,213112,КИНГ,,СТИВЕН
Кинг,Стивен,,Порождающая огонь,= Воспламеняющая взглядом,ru,,"Кинг, Стивен. Романы 6",26844,КИНГ,,СТИВЕН
Кинг,Стивен,,Посвещение,,bg,,Кошмари и съновидения 8,213117,КИНГ,,СТИВЕН
Кинг,Стивен,,Посвящение,,ru,,Ночные кошмары и фантастические видения 8,182543,КИНГ,,СТИВЕН
Кинг,Стивен,,После выпускного,,ru,,Сразу после заката 7,504063,КИНГ,,СТИВЕН
Кинг,Стивен,,После заката,,ru,2011.0,"Кинг, Стивен. Авторские сборники рассказов 7|Темная башня (АСТ) 0",231668,КИНГ,,СТИВЕН
Кинг,Стивен,,После заката,"litres, сборник",ru,2015.0,"Кинг, Стивен. Сборники 0|Король на все времена 0",537569,КИНГ,,СТИВЕН
Кинг,Стивен,,Последнее дело Гвенди,litres,ru,2022.0,Вселенная Стивена Кинга 0|Гвенди 3,685258,КИНГ,,СТИВЕН
Кинг,Стивен,,Последнее задание Гвенди,,ru,2022.0,Гвенди 3,677690,КИНГ,,СТИВЕН
Кинг,Стивен,,Последнее расследование Амни,,ru,1993.0,Ночные кошмары и фантастические видения 21,26845,КИНГ,,СТИВЕН
Кинг,Стивен,,Последният случай на Ъмни,,bg,,Кошмари и съновидения 21,213113,КИНГ,,СТИВЕН
Кинг,Стивен,,Последното стъпало,,bg,,Нощна смяна 17,213114,КИНГ,,СТИВЕН
Кинг,Стивен,,Последняя перекладина,= Последняя ступенька,ru,1978.0,Ночная смена 17|Стивен Кинг. Собрание сочинений 0,26846,КИНГ,,СТИВЕН
Кинг,Стивен,,Последняя ступенька,= Последняя перекладина,ru,2000.0,Ночная смена 17|Стивен Кинг. Собрание сочинений 0,26847,КИНГ,,СТИВЕН
Кинг,Стивен,,Послеслов към „Особени сезони“,,bg,,Особени сезони 5,213115,КИНГ,,СТИВЕН
Кинг,Стивен,,Послесловие к сборнику «Ночные кошмары и фантастические видения»,,ru,1993.0,Ночные кошмары и фантастические видения 24,216061,КИНГ,,СТИВЕН
Кинг,Стивен,,"Послесловие к Тьма, — и больше ничего",,ru,,"Тьма, — и больше ничего 0",504100,КИНГ,,СТИВЕН
Кинг,Стивен,,Пост сдал,,ru,2016.0,"Кинг, Стивен. Романы 40|Темная башня (АСТ) 0|Трилогия Билла Ходжеса 3",468897,КИНГ,,СТИВЕН
Кинг,Стивен,,Постепенно ти влиза под кожата,,bg,,Кошмари и съновидения 6,213116,КИНГ,,СТИВЕН
Кинг,Стивен,,"Потаённое окно, потаённый сад",ёфицировано,ru,1990.0,Четыре после полуночи 2,300343,КИНГ,,СТИВЕН
Кинг,Стивен,,Почему я был Бахманом,,ru,1998.0,,231227,КИНГ,,СТИВЕН
Кинг,Стивен,,Почти как «Бьюик»,,ru,2002.0,"Кинг, Стивен. Романы 28|Стивен Кинг. Собрание сочинений 0",328983,КИНГ,,СТИВЕН
Кинг,Стивен,,Почти как «Бьюик»,,ru,2014.0,"Кинг, Стивен. Романы 28|Темная башня (АСТ) 0",397192,КИНГ,,СТИВЕН
Кинг,Стивен,,Предисловие,,ru,1981.0,,379432,КИНГ,,СТИВЕН
Кинг,Стивен,,"Предисловие ""Ярмарка дурных снов""",,ru,2015.0,Ярмарка дурных снов [сборник] 0,428159,КИНГ,,СТИВЕН
Кинг,Стивен,,Предисловие к сборнику «Ночные кошмары и фантастические видения»,,ru,1993.0,Ночные кошмары и фантастические видения 0,26850,КИНГ,,СТИВЕН
Кинг,Стивен,,Предисловие: работа в утерянном (почти) жанре,= Овладение (почти) утраченным искусством,ru,2001.0,Все предельно 0,173228,КИНГ,,СТИВЕН
Кинг,Стивен,,Предисловие. Ровно в полночь,,ru,1990.0,Четыре после полуночи 0,503851,КИНГ,,СТИВЕН
Кинг,Стивен,,Прекият път на госпожа Тод,,bg,,Skeleton Crew 5,213118,КИНГ,,СТИВЕН
Кинг,Стивен,,Пресата,,bg,,Нощна смяна 5,213119,КИНГ,,СТИВЕН
Кинг,Стивен,,Призраки,= Томминокеры,ru,1997.0,"Кинг, Стивен. Романы 15|Стивен Кинг. Собрание сочинений 0",26851,КИНГ,,СТИВЕН
Кинг,Стивен,,Примечания автора,,ru,1985.0,Команда скелетов 0,172891,КИНГ,,СТИВЕН
Кинг,Стивен,,Про письменство. Мемуари про ремесло,,uk,2016.0,,503720,КИНГ,,СТИВЕН
Кинг,Стивен,,Проклятая экспедиция,,ru,1960.0,"Люди, места и вещи, том 1 5",26852,КИНГ,,СТИВЕН
Кинг,Стивен,,Проклятието,,bg,,Richard Bachman 5,213120,КИНГ,,СТИВЕН
Кинг,Стивен,,Просякът и диамантът,,bg,,Кошмари и съновидения 23,213121,КИНГ,,СТИВЕН
Кинг,Стивен,,Противостояние,= Армагеддон,ru,2002.0,"Кинг, Стивен. Романы 4|Стивен Кинг. Собрание сочинений 0",26853,КИНГ,,СТИВЕН
Кинг,Стивен,,Противостояние,,ru,1998.0,"Кинг, Стивен. Романы 4|Стивен Кинг. Собрание сочинений 0",292048,КИНГ,,СТИВЕН
Кинг,Стивен,,Противостояние,,ru,2013.0,"Кинг, Стивен. Романы 4|Темная башня (АСТ) 0",397193,КИНГ,,СТИВЕН
Кинг,Стивен,,Противостояние [= Армагеддон]. Книга первая,,ru,1990.0,Противостояние (Исход) 1,231669,КИНГ,,СТИВЕН
Кинг,Стивен,,Противостояние. 16 июня – 4 июля 1990. Том 1,litres,ru,2018.0,Король на все времена 0|Противостояние [Кинг] 1,534390,КИНГ,,СТИВЕН
Кинг,Стивен,,Противостояние. 5 июля 1990 – 10 января 1991. Том 2,litres,ru,2018.0,Король на все времена 0|Противостояние [Кинг] 2,534389,КИНГ,,СТИВЕН
Кинг,Стивен,,Противостояние. Том II,,ru,1998.0,Противостояние (Исход) 2|Стивен Кинг. Собрание сочинений 0,246607,КИНГ,,СТИВЕН
Кинг,Стивен,,Противостояние.Том I,,ru,1998.0,Противостояние (Исход) 1|Стивен Кинг. Собрание сочинений 0,246606,КИНГ,,СТИВЕН
Кинг,Стивен,,Протистояння. Том 1,,uk,2017.0,,497939,КИНГ,,СТИВЕН
Кинг,Стивен,,Протистояння. Том 2,,uk,2017.0,,503722,КИНГ,,СТИВЕН
Кинг,Стивен,,Протока,,ru,1981.0,Экипаж скелетов 22,26854,КИНГ,,СТИВЕН
Кинг,Стивен,,Протокът,,bg,,Skeleton Crew 22,213122,КИНГ,,СТИВЕН
Кинг,Стивен,,Прыгающий,,ru,1959.0,,402408,КИНГ,,СТИВЕН
Кинг,Стивен,,Пульт Ґвенді,,uk,2017.0,,503246,КИНГ,,СТИВЕН
Кинг,Стивен,,Пустош,,bg,,Тъмната кула 3,213143,КИНГ,,СТИВЕН
Кинг,Стивен,,Пустош,,bg,2004.0,the dark tower 3|Тъмната кула 3,411337,КИНГ,,СТИВЕН
Кинг,Стивен,,Пътна мрежа,,bg,,Richard Bachman 3,213123,КИНГ,,СТИВЕН
Кинг,Стивен,,Пътуващото зло се отправя на север,,bg,,Всичко е съдбовно 9,213124,КИНГ,,СТИВЕН
Кинг,Стивен,,Пьяные фейерверки,,ru,,Ярмарка дурных снов [сборник] 19,430790,КИНГ,,СТИВЕН
Кинг,Стивен,,Пятая четвертушка,= Пятая четверть,ru,,Ночные кошмары и фантастические видения 19,26836,КИНГ,,СТИВЕН
Кинг,Стивен,,Пятая четверть,,ru,1972.0,Ночные кошмары и фантастические видения 19,26835,КИНГ,,СТИВЕН
Кинг,Стивен,,Пятый шаг,,ru,2020.0,,577608,КИНГ,,СТИВЕН
Кинг,Стивен,,Ради чего мы во Вьетнаме,,ru,2000.0,Сердца в Атлантиде 4|Стивен Кинг. Собрание сочинений 0,216105,КИНГ,,СТИВЕН
Кинг,Стивен,,Раждане вкъщи,,bg,,Кошмари и съновидения 12,213125,КИНГ,,СТИВЕН
Кинг,Стивен,,Разходката,,bg,,Skeleton Crew 6,213126,КИНГ,,СТИВЕН
Кинг,Стивен,,Расследование доктора Уотсона,,ru,,Ночные кошмары и фантастические видения 20,260637,КИНГ,,СТИВЕН
Кинг,Стивен,,Растение,,ru,,,67254,КИНГ,,СТИВЕН
Кинг,Стивен,,Растение. Части 1-2,,ru,1982.0,,217788,КИНГ,,СТИВЕН
Кинг,Стивен,,Регуляторы,litres,ru,2015.0,Книги Бахмана 6|Король на все времена 0,537568,КИНГ,,СТИВЕН
Кинг,Стивен,,Реплоиды,,ru,,Тёмные видения 2,182544,КИНГ,,СТИВЕН
Кинг,Стивен,,"Рита Хейуорт, или Побег из Шоушенка",litres,ru,2010.0,Четыре сезона [Стивен Кинг] 1,320828,КИНГ,,СТИВЕН
Кинг,Стивен,,Рита Хейуърт и изкуплението в Шоушенк (Надежда за вечна пролет),,bg,,Особени сезони 1,213127,КИНГ,,СТИВЕН
Кинг,Стивен,,Рожать придется дома,,ru,,Ночные кошмары и фантастические видения 12,26862,КИНГ,,СТИВЕН
Кинг,Стивен,,Роза Марена,,ru,1998.0,"Кинг, Стивен. Романы 21|Стивен Кинг. Собрание сочинений 0",339767,КИНГ,,СТИВЕН
Кинг,Стивен,,Роза Марена,litres,ru,2017.0,Король на все времена 0,518797,КИНГ,,СТИВЕН
Кинг,Стивен,,Рок-н-рол никогда не умрет,"= Знаете, они классно играют",ru,,Ночные кошмары и фантастические видения 11,26860,КИНГ,,СТИВЕН
Кинг,Стивен,,Рок-н-ролльные Небеса,,ru,1992.0,Ночные кошмары и фантастические видения 11,239898,КИНГ,,СТИВЕН
Кинг,Стивен,,Романът на Лизи,,bg,,Stephen Kings Novels 50,213128,КИНГ,,СТИВЕН
Кинг,Стивен,,Роуз Мадър,,bg,,Stephen Kings Novels 35,213129,КИНГ,,СТИВЕН
Кинг,Стивен,,Салимове Лігво,,uk,2021.0,,620383,КИНГ,,СТИВЕН
Кинг,Стивен,,Салът,,bg,,Skeleton Crew 9,213130,КИНГ,,СТИВЕН
Кинг,Стивен,,Самое необходимое,,ru,1997.0,,623030,КИНГ,,СТИВЕН
Кинг,Стивен,,Сблъсък,,bg,,Stephen Kings Novels 5,213131,КИНГ,,СТИВЕН
Кинг,Стивен,,Сборник рассказов,компиляция,ru,,"Кинг, Стивен. Сборники 0",472731,КИНГ,,СТИВЕН
Кинг,Стивен,,Сборник редких рассказов,,ru,,Сборник редких рассказов 0,98077,КИНГ,,СТИВЕН
Кинг,Стивен,,Свадебный джаз,= Свадьба,ru,1980.0,Экипаж скелетов 7,26881,КИНГ,,СТИВЕН
Кинг,Стивен,,Сватбата,,bg,,Skeleton Crew 7,213140,КИНГ,,СТИВЕН
Кинг,Стивен,,Светящийся,Shining - ru,ru,1992.0,"Дэнни Торранс 1|Кинг, Стивен. Романы 3",340701,КИНГ,,СТИВЕН
Кинг,Стивен,,Сезон дождя,,ru,2000.0,Ночные кошмары и фантастические видения 13,158208,КИНГ,,СТИВЕН
Кинг,Стивен,,Сезон дождя (сборник),,ru,,"Кинг, Стивен. Сборники 0",338177,КИНГ,,СТИВЕН
Кинг,Стивен,,Сейлъмс Лот,,bg,,Stephen Kings Novels 2,213132,КИНГ,,СТИВЕН
Кинг,Стивен,,"Секретное окно, секретный сад",,ru,,Четыре после полуночи 2,160096,КИНГ,,СТИВЕН
Кинг,Стивен,,Секретные окна,сборник,ru,2018.0,"Вселенная Стивена Кинга 0|Кинг, Стивен. Сборники 0",527829,КИНГ,,СТИВЕН
Кинг,Стивен,,Секционный зал номер четыре,,ru,1997.0,Все предельно 1|Стивен Кинг. Черная серия 0,67260,КИНГ,,СТИВЕН
Кинг,Стивен,,Семья Кингов и злая колдунья,,ru,,,26869,КИНГ,,СТИВЕН
Кинг,Стивен,,Серая дрянь,= Нечто серое,ru,2000.0,Ночная смена 7|Стивен Кинг. Собрание сочинений 0,26870,КИНГ,,СТИВЕН
Кинг,Стивен,,Сердца в Атлантиде,,ru,2000.0,Сердца в Атлантиде 2|Стивен Кинг. Собрание сочинений 0,26871,КИНГ,,СТИВЕН
Кинг,Стивен,,Сердца в Атлантиде,,ru,2012.0,"Кинг, Стивен. Авторские сборники повестей 3|Темная башня (АСТ) 0",312927,КИНГ,,СТИВЕН
Кинг,Стивен,,Сердце ангела,сборник,ru,1993.0,Super book 0|Антология детектива 1993,419299,КИНГ,,СТИВЕН
Кинг,Стивен,,Сердце старика,,ru,2000.0,,503649,КИНГ,,СТИВЕН
Кинг,Стивен,,Серця в Атлантиді,,uk,2017.0,,503721,КИНГ,,СТИВЕН
Кинг,Стивен,,Сестричките от Елурия,,bg,2002.0,the dark tower 0|Тъмната кула 0,411340,КИНГ,,СТИВЕН
Кинг,Стивен,,Сиво вещество,,bg,,Нощна смяна 7,213134,КИНГ,,СТИВЕН
Кинг,Стивен,,Сияние,bg,bg,,Stephen Kings Novels 4,213133,КИНГ,,СТИВЕН
Кинг,Стивен,,Сияние,,ru,1977.0,"Дэнни Торранс 1|Кинг, Стивен. Романы 3|Стивен Кинг. Собрание сочинений 0",217179,КИНГ,,СТИВЕН
Кинг,Стивен,,Сияние,litres,ru,2013.0,"Кинг, Стивен. Романы 3|Темная башня (АСТ) 0",315024,КИНГ,,СТИВЕН
Кинг,Стивен,,Сияние,,ru,2014.0,"Дэнни Торранс 1|Кинг, Стивен. Романы 3",486677,КИНГ,,СТИВЕН
Кинг,Стивен,,Сияние,С прологом,ru,,"Кинг, Стивен. Романы 3",617543,КИНГ,,СТИВЕН
Кинг,Стивен,,Сияние во тьме,сборник litres,ru,2021.0,"Кинг, Стивен. Сборники 0|Темная башня (АСТ) 0",644712,КИНГ,,СТИВЕН
Кинг,Стивен,,Сказка,,ru,2022.0,,696908,КИНГ,,СТИВЕН
Кинг,Стивен,,Сказки о воображаемых чудесах,,ru,2015.0,Антология ужасов 2015|Мастерская хоррора 0,601874,КИНГ,,СТИВЕН
Кинг,Стивен,,Скрёб-поскрёб,,ru,1990.0,Ночные кошмары и фантастические видения 8,239897,КИНГ,,СТИВЕН
Кинг,Стивен,,Слейд,,ru,1970.0,,402407,КИНГ,,СТИВЕН
Кинг,Стивен,,Слепой Вилли,,ru,1997.0,Six Stories 5,327850,КИНГ,,СТИВЕН
Кинг,Стивен,,"Случаят, разкрит от доктора",,bg,,Кошмари и съновидения 20,213135,КИНГ,,СТИВЕН
Кинг,Стивен,,Слънчевото куче,,bg,,Четири след полунощ 4,213136,КИНГ,,СТИВЕН
Кинг,Стивен,,Смерть,,ru,,,504130,КИНГ,,СТИВЕН
Кинг,Стивен,,Смерть Джека Гамильтона,,ru,2003.0,Все предельно 4|Стивен Кинг. Черная серия 0,234833,КИНГ,,СТИВЕН
Кинг,Стивен,,Смиренные сестры Элурии,"из сборника ""Все предельно""",ru,1998.0,Все предельно 6|Стивен Кинг. Собрание сочинений 0,67258,КИНГ,,СТИВЕН
Кинг,Стивен,,Смъртта на Джак Хамилтън,,bg,,Всичко е съдбовно 4,213137,КИНГ,,СТИВЕН
Кинг,Стивен,,Собрание сочинений. Бойся Кошек,антология,ru,1993.0,Horror 0|Антология ужасов 1993,317951,КИНГ,,СТИВЕН
Кинг,Стивен,,Современная американская новелла. 70—80-е годы,антология,ru,1989.0,Антология современной прозы 1989,259188,КИНГ,,СТИВЕН
Кинг,Стивен,,Солнечный пёс,,ru,1990.0,Четыре после полуночи 4,239896,КИНГ,,СТИВЕН
Кинг,Стивен,,Сорняк,,ru,1976.0,,414510,КИНГ,,СТИВЕН
Кинг,Стивен,,Составляющие трагедии. Вооружение,,ru,2001.0,,505227,КИНГ,,СТИВЕН
Кинг,Стивен,,Спешный звонок,,ru,,,402405,КИНГ,,СТИВЕН
Кинг,Стивен,,Сплячі красуні,,uk,2018.0,,543111,КИНГ,,СТИВЕН
Кинг,Стивен,,Способен ученик (Лятото на покварата),,bg,,Особени сезони 2,213138,КИНГ,,СТИВЕН
Кинг,Стивен,,Способный ученик,Apt Pupil - ru,ru,1992.0,Четыре сезона [Стивен Кинг] 2,340702,КИНГ,,СТИВЕН
Кинг,Стивен,,Спящие красавицы,ЛП,ru,,,529089,КИНГ,,СТИВЕН
Кинг,Стивен,,Спящие красавицы,litres,ru,2018.0,Темная башня (АСТ) 0,530893,КИНГ,,СТИВЕН
Кинг,Стивен,,Спящие красавицы,ЛП,ru,,,550320,КИНГ,,СТИВЕН
Кинг,Стивен,,Сражение,,bg,,Нощна смяна 8,213139,КИНГ,,СТИВЕН
Кинг,Стивен,,Стволы,,ru,2013.0,Kindle Edition 0,312354,КИНГ,,СТИВЕН
Кинг,Стивен,,Стеклянный пол,,ru,1967.0,,125840,КИНГ,,СТИВЕН
Кинг,Стивен,,Стивен Кинг идет в кино,"сборник, издание 2019 г.] [litres с оптимизированной обложкой",ru,2019.0,"Кинг, Стивен. Сборники 0|Темная башня (АСТ) 0",558347,КИНГ,,СТИВЕН
Кинг,Стивен,,Стивен Кинг идёт в кино (сборник),,ru,2009.0,"Кинг, Стивен. Сборники 0",314781,КИНГ,,СТИВЕН
Кинг,Стивен,,Столкновение миров,Талисман,ru,1993.0,"Кинг, Стивен. Романы 11|Стивен Кинг. Собрание сочинений 0|Талисман 1",268074,КИНГ,,СТИВЕН
Кинг,Стивен,,Стоянка,,ru,2003.0,Сразу после заката 4,182754,КИНГ,,СТИВЕН
Кинг,Стивен,,Стоянка,,ru,,Сразу после заката 4,410006,КИНГ,,СТИВЕН
Кинг,Стивен,,Страна радости,,ru,2014.0,"Кинг, Стивен. Романы 35|Темная башня (АСТ) 0",354055,КИНГ,,СТИВЕН
Кинг,Стивен,,Страшила,The Boogeyman,ru,1993.0,,506170,КИНГ,,СТИВЕН
Кинг,Стивен,,Страшни сънища за продан- 1 част,,bg,2016.0,,447540,КИНГ,,СТИВЕН
Кинг,Стивен,,Стрелецът,,bg,,Тъмната кула 1,213142,КИНГ,,СТИВЕН
Кинг,Стивен,,Стрелок,,ru,1997.0,«Тёмная Башня» 1|Стивен Кинг. Собрание сочинений 0,162708,КИНГ,,СТИВЕН
Кинг,Стивен,,Стрелок,,ru,1994.0,«Тёмная Башня» 1|Мастера остросюжетной мистики 39,187977,КИНГ,,СТИВЕН
Кинг,Стивен,,Стрелок,переработанная автором версия,ru,2005.0,«Тёмная Башня» 1|Мировая классика 0,487560,КИНГ,,СТИВЕН
Кинг,Стивен,,Стрелок,litres,ru,2005.0,«Тёмная Башня» 1,538115,КИНГ,,СТИВЕН
Кинг,Стивен,,Стрелок. Извлечение троих. Бесплодные земли,,ru,2015.0,«Тёмная Башня» 0|Темная башня (АСТ) 0,442602,КИНГ,,СТИВЕН
Кинг,Стивен,,Стрілець. Темна вежа І,,uk,2017.0,Темна вежа 1,503719,КИНГ,,СТИВЕН
Кинг,Стивен,,Счастливый брак,,ru,2015.0,,464607,КИНГ,,СТИВЕН
Кинг,Стивен,,Счастливый четвертак,"=Четвертак, приносящий удачу",ru,1995.0,Все предельно 14|Стивен Кинг. Собрание сочинений 0,26865,КИНГ,,СТИВЕН
Кинг,Стивен,,Сърца в Атлантида,,bg,,Stephen Kings Novels 41,213141,КИНГ,,СТИВЕН
Кинг,Стивен,,Сяйво,,uk,2010.0,Денні Торранс 1,335956,КИНГ,,СТИВЕН
Кинг,Стивен,,Сяйво,,uk,2014.0,Денні Торранс 1,381310,КИНГ,,СТИВЕН
Кинг,Стивен,,"Таен прозорец, тайна градина",,bg,,Четири след полунощ 2,213149,КИНГ,,СТИВЕН
Кинг,Стивен,,Талiсман,,uk,2016.0,,471227,КИНГ,,СТИВЕН
Кинг,Стивен,,Талисман,,ru,1993.0,"Кинг, Стивен. Романы 11|Талисман 1",146565,КИНГ,,СТИВЕН
Кинг,Стивен,,Талисман,,ru,1998.0,"Кинг, Стивен. Романы 11|Стивен Кинг. Собрание сочинений 0|Талисман 1",292044,КИНГ,,СТИВЕН
Кинг,Стивен,,Талисман,,ru,2012.0,"Кинг, Стивен. Романы 11|Стивен Кинг. Собрание сочинений 0|Талисман 1",324657,КИНГ,,СТИВЕН
Кинг,Стивен,,Талисман,litres,ru,2014.0,Талисман 1|Темная башня (АСТ) 0,508195,КИНГ,,СТИВЕН
Кинг,Стивен,,Талисманът,,bg,,Талисманът 1,205048,КИНГ,,СТИВЕН
Кинг,Стивен,,Танец смерти (Мрачный танец),,ru,,,129303,КИНГ,,СТИВЕН
Кинг,Стивен,,Татик,,bg,,Кошмари и съновидения 5,213150,КИНГ,,СТИВЕН
Кинг,Стивен,,Тварь на дне колодца,,ru,1960.0,"Люди, места и вещи, том 1 3",26897,КИНГ,,СТИВЕН
Кинг,Стивен,,Текстовый процессор богов,,ru,1983.0,Экипаж скелетов 10,589282,КИНГ,,СТИВЕН
Кинг,Стивен,,Телефон мистера Харригана,,ru,2020.0,,589028,КИНГ,,СТИВЕН
Кинг,Стивен,,Тело,,ru,2000.0,Четыре сезона [Стивен Кинг] 3,365930,КИНГ,,СТИВЕН
Кинг,Стивен,,Темна вежа. Темна вежа VII,,uk,2011.0,Темна вежа 7,455409,КИНГ,,СТИВЕН
Кинг,Стивен,,Темная Башня,,ru,2004.0,«Тёмная Башня» 7|Темная башня (АСТ) 0,328261,КИНГ,,СТИВЕН
Кинг,Стивен,,Темная Башня,litres,ru,2011.0,«Тёмная Башня» 7|Темная башня (АСТ) 0,543920,КИНГ,,СТИВЕН
Кинг,Стивен,,Темная Башня. Том 1,компиляция,ru,,«Тёмная Башня» 0|Шедевры фантастики (продолжатели) 0,528600,КИНГ,,СТИВЕН
Кинг,Стивен,,Темная Башня. Том 2,компиляция,ru,,Шедевры фантастики (продолжатели) 0,528602,КИНГ,,СТИВЕН
Кинг,Стивен,,Темная Башня. Том 3,компиляция,ru,,«Тёмная Башня» 0|Шедевры фантастики (продолжатели) 0,528603,КИНГ,,СТИВЕН
Кинг,Стивен,,Темная Башня. Том 4,компиляция,ru,,«Тёмная Башня» 0|Шедевры фантастики (продолжатели) 0,528604,КИНГ,,СТИВЕН
Кинг,Стивен,,Темная любовь,антология,ru,2000.0,Антология ужасов 2000,186479,КИНГ,,СТИВЕН
Кинг,Стивен,,Тёмная половина,= Второй,ru,2001.0,"Кинг, Стивен. Романы 16|Стивен Кинг. Собрание сочинений 0",200979,КИНГ,,СТИВЕН
Кинг,Стивен,,Темная половина,,ru,1994.0,"Кинг, Стивен. Романы 16",331443,КИНГ,,СТИВЕН
Кинг,Стивен,,Темная половина,,ru,2017.0,"Кинг, Стивен. Романы 16|Король на все времена 0",505103,КИНГ,,СТИВЕН
Кинг,Стивен,,Темная половина,,ru,2000.0,,527081,КИНГ,,СТИВЕН
Кинг,Стивен,,Темный человек,,ru,,,402404,КИНГ,,СТИВЕН
Кинг,Стивен,,Тени ночи спускаются с неба,,ru,2000.0,Сердца в Атлантиде 5|Стивен Кинг. Собрание сочинений 0,216106,КИНГ,,СТИВЕН
Кинг,Стивен,,Тень прошлого,litres,ru,2018.0,Король на все времена 0|Оно 1,523940,КИНГ,,СТИВЕН
Кинг,Стивен,,Теория домашних любимцев: постулат Л. Т.,,ru,1997.0,Все предельно 8|Стивен Кинг. Собрание сочинений 0,67255,КИНГ,,СТИВЕН
Кинг,Стивен,,Теорията на Ел Ти за домашните любимци,,bg,,Всичко е съдбовно 8,213151,КИНГ,,СТИВЕН
Кинг,Стивен,,Тишина,,ru,1970.0,,505228,КИНГ,,СТИВЕН
Кинг,Стивен,,То,,bg,,Stephen Kings Novels 21,213153,КИНГ,,СТИВЕН
Кинг,Стивен,,Томичукалата,,bg,,Stephen Kings Novels 24,205047,КИНГ,,СТИВЕН
Кинг,Стивен,,Томми,,ru,,,504229,КИНГ,,СТИВЕН
Кинг,Стивен,,Томминокеры,,ru,2005.0,"Кинг, Стивен. Романы 15|Классика 0",245442,КИНГ,,СТИВЕН
Кинг,Стивен,,Томминокеры,litres,ru,2016.0,"Кинг, Стивен. Романы 15",508196,КИНГ,,СТИВЕН
Кинг,Стивен,,Томминокеры,,ru,2000.0,"Кинг, Стивен. Романы 15|Стивен Кинг. Собрание сочинений 0",508246,КИНГ,,СТИВЕН
Кинг,Стивен,,Торба с кости,,bg,,Stephen Kings Novels 40,213155,КИНГ,,СТИВЕН
Кинг,Стивен,,"Тот, кто хочет выжить",,ru,,Экипаж скелетов 16,26893,КИНГ,,СТИВЕН
Кинг,Стивен,,"Тот, кто хочет выжить (сборник)",,ru,,Экипаж скелетов 0,338166,КИНГ,,СТИВЕН
Кинг,Стивен,,Точно в полунощ (Встъпителна бележка),,bg,,Четири след полунощ 0,213154,КИНГ,,СТИВЕН
Кинг,Стивен,,Трагедия онлайнизма,,ru,,,150736,КИНГ,,СТИВЕН
Кинг,Стивен,,Тракащата челюст,,bg,,Кошмари и съновидения 7,213156,КИНГ,,СТИВЕН
Кинг,Стивен,,Трите карти,,bg,2011.0,the dark tower 2|Тъмната кула 2,411339,КИНГ,,СТИВЕН
Кинг,Стивен,,Тук там има тигри,,bg,,Skeleton Crew 2,213158,КИНГ,,СТИВЕН
Кинг,Стивен,,Туман,,ru,2001.0,Экипаж скелетов 1,173750,КИНГ,,СТИВЕН
Кинг,Стивен,,Туман,журн. вариант,ru,1988.0,Экипаж скелетов 1,427869,КИНГ,,СТИВЕН
Кинг,Стивен,,Туман,Другая редакция,ru,,Экипаж скелетов 1,466809,КИНГ,,СТИВЕН
Кинг,Стивен,,Туман,сборник,ru,2012.0,Стивен Кинг. Собрание сочинений 0|Экипаж скелетов 0,524080,КИНГ,,СТИВЕН
Кинг,Стивен,,Тупоголовый,,ru,2002.0,,402403,КИНГ,,СТИВЕН
Кинг,Стивен,,Тъмната кула,,bg,2005.0,the dark tower 7|Тъмната кула 7,411333,КИНГ,,СТИВЕН
Кинг,Стивен,,Тъмната половина,,bg,,Stephen Kings Novels 25,213159,КИНГ,,СТИВЕН
Кинг,Стивен,,Търси се,,bg,2015.0,Бил Ходжис 2,438742,КИНГ,,СТИВЕН
Кинг,Стивен,,Тьма,антология,ru,2016.0,"The Best Of. Фантастика, фэнтези, мистика 0|Антология ужасов 2016",519155,КИНГ,,СТИВЕН
Кинг,Стивен,,"Тьма, – и больше ничего","litres, сборник",ru,2017.0,"Кинг, Стивен. Сборники 0|Король на все времена 0",537570,КИНГ,,СТИВЕН
Кинг,Стивен,,"Тьма, – и больше ничего",litres,ru,2022.0,Король на все времена 0,694551,КИНГ,,СТИВЕН
Кинг,Стивен,,"Тьма, — и больше ничего",,ru,2012.0,"Кинг, Стивен. Сборники 0",272766,КИНГ,,СТИВЕН
Кинг,Стивен,,Тялото (Есен над детството),,bg,,Особени сезони 3,213152,КИНГ,,СТИВЕН
Кинг,Стивен,,У сріблястій місячній імлі,Сборник,uk,1986.0,Пригоди. Фантастика 0,170282,КИНГ,,СТИВЕН
Кинг,Стивен,,Убийца,,ru,,Сборник редких рассказов 7,125841,КИНГ,,СТИВЕН
Кинг,Стивен,,Увод: Творец на (почти) отмиращо изкуство,,bg,,Всичко е съдбовно 0,213161,КИНГ,,СТИВЕН
Кинг,Стивен,,Уилла,,ru,2006.0,Сразу после заката 1,182752,КИНГ,,СТИВЕН
Кинг,Стивен,,УР,,ru,,Ярмарка дурных снов [сборник] 10,326147,КИНГ,,СТИВЕН
Кинг,Стивен,,Ур,Другая редакция,ru,2009.0,Ярмарка дурных снов [сборник] 10,326162,КИНГ,,СТИВЕН
Кинг,Стивен,,Утринни доставки (Млекар № 1),,bg,,Skeleton Crew 18,213160,КИНГ,,СТИВЕН
Кинг,Стивен,,Ученик дьявола,Способный ученик. Полная версия,ru,1996.0,Четыре сезона [Стивен Кинг] 2,256380,КИНГ,,СТИВЕН
Кинг,Стивен,,Финт хвостом,сборник litres,ru,2019.0,Антология ужасов 2019|Темная башня (АСТ) 0|Темный город 0,566767,КИНГ,,СТИВЕН
Кинг,Стивен,,Харрисон Стэйт Парк – 68,,ru,,,504043,КИНГ,,СТИВЕН
Кинг,Стивен,,Холод страха,,ru,2000.0,Антология ужасов 2000,197514,КИНГ,,СТИВЕН
Кинг,Стивен,,Хората от 10 часа,,bg,,Кошмари и съновидения 16,213070,КИНГ,,СТИВЕН
Кинг,Стивен,,Худей!,,ru,1993.0,Horror 0|Книги Бахмана 5,321435,КИНГ,,СТИВЕН
Кинг,Стивен,,Худеющий,,ru,1998.0,Книги Бахмана 5|Стивен Кинг. Собрание сочинений 0,162930,КИНГ,,СТИВЕН
Кинг,Стивен,,Цикл оборотня,,ru,,,144915,КИНГ,,СТИВЕН
Кинг,Стивен,,Цикл оборотня,"СИ, с картинками",ru,2019.0,,558268,КИНГ,,СТИВЕН
Кинг,Стивен,,Цикл оборотня (сборник рассказов и повестей),,ru,,"Кинг, Стивен. Сборники 0",67239,КИНГ,,СТИВЕН
Кинг,Стивен,,Цикъл на върколака,,bg,,,213157,КИНГ,,СТИВЕН
Кинг,Стивен,,Чаклун та сфера. Темна вежа IV,,uk,2009.0,Темна вежа 4,381210,КИНГ,,СТИВЕН
Кинг,Стивен,,Человек в черном костюме,,ru,2004.0,Все предельно 2|Стивен Кинг. Собрание сочинений 0,182301,КИНГ,,СТИВЕН
Кинг,Стивен,,Человек с брюшком,,ru,1978.0,,402402,КИНГ,,СТИВЕН
Кинг,Стивен,,"Человек, который любил цветы","= Мужчина, который любил цветы",ru,1977.0,Ночная смена 18|Стивен Кинг. Собрание сочинений 0,26721,КИНГ,,СТИВЕН
Кинг,Стивен,,"Человек, который никому не подавал руки",,ru,,Экипаж скелетов 11,177017,КИНГ,,СТИВЕН
Кинг,Стивен,,Черният дом,,bg,,Талисманът 2,213174,КИНГ,,СТИВЕН
Кинг,Стивен,,Черный дом,litres,ru,2015.0,Талисман 2|Темная башня (АСТ) 0,508215,КИНГ,,СТИВЕН
Кинг,Стивен,,Чёрный дом,,ru,2004.0,Стивен Кинг. Собрание сочинений 0|Талисман 2,508361,КИНГ,,СТИВЕН
Кинг,Стивен,,Четыре после полуночи,,ru,2010.0,"Кинг, Стивен. Авторские сборники повестей 2|Король на все времена 0",464834,КИНГ,,СТИВЕН
Кинг,Стивен,,Четыре после полуночи,litres,ru,2021.0,"Кинг, Стивен. Авторские сборники повестей 2|Король на все времена 0",632006,КИНГ,,СТИВЕН
Кинг,Стивен,,Четыре сезона,,ru,2014.0,"Кинг, Стивен. Авторские сборники повестей 1",464690,КИНГ,,СТИВЕН
Кинг,Стивен,,Чинга,,ru,1998.0,Секретные материалы 0,311636,КИНГ,,СТИВЕН
Кинг,Стивен,,Човекът с косачката,,bg,,Нощна смяна 13,213052,КИНГ,,СТИВЕН
Кинг,Стивен,,Човекът с черния костюм,,bg,,Всичко е съдбовно 2,213051,КИНГ,,СТИВЕН
Кинг,Стивен,,"Човекът, който не се ръкуваше",,bg,,Skeleton Crew 11,213049,КИНГ,,СТИВЕН
Кинг,Стивен,,"Човекът, който обичаше цветята",,bg,,Нощна смяна 18,213050,КИНГ,,СТИВЕН
Кинг,Стивен,,Чорний дім,,uk,2017.0,,487143,КИНГ,,СТИВЕН
Кинг,Стивен,,Чотири після півночі,,uk,2017.0,,475548,КИНГ,,СТИВЕН
Кинг,Стивен,,Чотири сезони,,uk,2015.0,,480371,КИНГ,,СТИВЕН
Кинг,Стивен,,Что приснилось Харви,Сон Харви,ru,,Сразу после заката 3,182753,КИНГ,,СТИВЕН
Кинг,Стивен,,"Чувство, имя которому есть только на французском","= Чувство, которое словами можно выразить только по-французски",ru,1998.0,Все предельно 11|Стивен Кинг. Собрание сочинений 0,215022,КИНГ,,СТИВЕН
Кинг,Стивен,,"Чувство, которое словами можно выразить только по-французски",,ru,,,504037,КИНГ,,СТИВЕН
Кинг,Стивен,,Чужак,litres,ru,2019.0,Темная башня (АСТ) 0,545348,КИНГ,,СТИВЕН
Кинг,Стивен,,Чужими глазами,= Я - дверной проем,ru,1971.0,Ночная смена 4|Стивен Кинг. Собрание сочинений 0,26726,КИНГ,,СТИВЕН
Кинг,Стивен,,Шок-рок,,ru,2002.0,Шок-рок: Антология 2002,191667,КИНГ,,СТИВЕН
Кинг,Стивен,,Шукач [Стрілець]. Темна вежа I,,uk,2007.0,Темна вежа 1,226755,КИНГ,,СТИВЕН
Кинг,Стивен,,Щелкун,,ru,,Ночные кошмары и фантастические видения 7,26866,КИНГ,,СТИВЕН
Кинг,Стивен,,"Що впало, те пропало",,uk,2015.0,Трилогія Білла Ходжеса 2,424239,КИНГ,,СТИВЕН
Кинг,Стивен,,Що ховається у сутінках. Антология,,uk,2015.0,,570380,КИНГ,,СТИВЕН
Кинг,Стивен,,Эксперт по турбулентности,,ru,2018.0,,530173,КИНГ,,СТИВЕН
Кинг,Стивен,,Этот автобус — другой мир,,ru,,Ярмарка дурных снов [сборник] 17,374109,КИНГ,,СТИВЕН
Кинг,Стивен,,Я - дверной проем,= Чужими глазами,ru,1971.0,Ночная смена 4|Стивен Кинг. Собрание сочинений 0,67238,КИНГ,,СТИВЕН
Кинг,Стивен,,"Я был подростком, грабившим могилы",,ru,1965.0,,379267,КИНГ,,СТИВЕН
Кинг,Стивен,,Я должен выбраться отсюда,,ru,1960.0,"Люди, места и вещи, том 1 2",26759,КИНГ,,СТИВЕН
Кинг,Стивен,,"Я знаю, чего ты хочешь",,ru,1993.0,FATUM. Мистика 0|Ночная смена 15,445989,КИНГ,,СТИВЕН
Кинг,Стивен,,"Я знаю, что тебе нужно","= Тот, кто никогда не ошибается",ru,1976.0,Ночная смена 15|Стивен Кинг. Собрание сочинений 0,26760,КИНГ,,СТИВЕН
Кинг,Стивен,,Ягодова пролет,,bg,,Нощна смяна 11,213074,КИНГ,,СТИВЕН
Кинг,Стивен,,Якщо кров тече,UK,uk,2021.0,,620384,КИНГ,,СТИВЕН
Кинг,Стивен,,Ярмарок нічних жахіть,,uk,2016.0,,495884,КИНГ,,СТИВЕН
Кинг,Стивен,,Ярость,,ru,2000.0,Книги Бахмана 1|Стивен Кинг. Собрание сочинений 0,160890,КИНГ,,СТИВЕН
Кинг,Стивен,,Ярость,,ru,1999.0,Книги Бахмана 1,298459,КИНГ,,СТИВЕН
Кинг,Стивен,,Ярость,,ru,2006.0,Книги Бахмана 1|Темная башня (АСТ) 0,421074,КИНГ,,СТИВЕН
Кинг,Стивен,,Ящик,,ru,,Сборник редких рассказов 8,125842,КИНГ,,СТИВЕН
